CREATE TABLE IF NOT EXISTS `patch_panel` (
`cod_patch` int(10) NOT NULL AUTO_INCREMENT,
`nome_patch` varchar(50) DEFAULT NULL ,
`qtd_portas` int(4) DEFAULT NULL ,
`rack` varchar(50) DEFAULT NULL ,
`etiqueta` int(50) DEFAULT 0 ,
`id_ptc` varchar(50) DEFAULT NULL ,
PRIMARY KEY (`cod_patch`)
) ENGINE=InnoDB AUTO_INCREMENT=207 DEFAULT CHARSET=utf8mb4 COLLATE=utf8_bin; 

INSERT INTO `patch_panel` VALUES 
("65","PT-01","24","34",NULL,"PT-01511543176"),
("66","PT-02","24","34","24","PT-02709340700"),
("67","PT-03","24","34","48","PT-031721760591"),
("68","PT-04","24","34","72","PT-042104303203"),
("69","PT-05","24","34","96","PT-051563871745"),
("70","PT-06","24","34","120","PT-06550861330"),
("71","PT-01","24","35",NULL,"PT-012028785779"),
("72","PT-02","24","35","24","PT-021378031354"),
("73","PT-03","24","35","48","PT-0350718775"),
("74","PT-04","24","35","72","PT-04340758978"),
("75","PT-05","24","35","96","PT-51835629516"),
("76","PT-06","24","35","120","PT-06562380539"),
("77","PT-07","24","35","144","PT-071786024528"),
("121","PT-01","24","36",NULL,"PT-01170396139"),
("122","PT-02","24","36","24","PT-02255421539"),
("123","PT-03","24","36","48","PT199359944"),
("124","PT-04","24","36","72","PT-041047985541"),
("125","PT-05","24","36","96","PT-05810637443"),
("126","PT-06","24","36","120","PT-061804021324"),
("127","PT-07","24","36","144","PT-07846770940"),
("128","PT-08","24","36","168","PT-081230552947"),
("129","PT-01","24","37",NULL,"PT-1724681387"),
("130","PT-02","24","37","24","PT-022035077404"),
("132","PT-03","24","37","48","PT-032118118584"),
("133","PT-04","24","37","72","PT-04308073843"),
("134","PT-05","24","37","96","PT-051837544055"),
("136","PT-01","24","39",NULL,"PT-01885941934"),
("137","PT-02","24","39","24","PT-021022679020"),
("138","PT-03","24","39","48","PT-03320194451"),
("139","PT-04","24","39","72","PT-04455050302"),
("140","PT-05 IMN","24","39",NULL,"PT-052001706784"),
("141","PT-06","24","39","96","PT-06138254543"),
("142","PT-01","24","40",NULL,"PT-01294753058"),
("143","PT-02","24","40","24","PT-02200690044"),
("144","PT-03","24","40","48","PT-03552761123"),
("145","PT-04","24","40","72","PT-04145618955"),
("146","PT-05","24","40","96","PT-052088135960"),
("147","PT-06","24","40","120","PT-061060645313"),
("148","PT-07","24","40","144","PT-07533623521"),
("149","PT-08","24","40","168","PT-081242422545"),
("150","PT-09","24","40","192","PT-09844196259"),
("151","PT-01","24","41",NULL,"PT-01657663374"),
("152","PT-02","24","41","24","PT-02248184199"),
("153","PT-03","24","41","48","PT-03551052760"),
("154","PT-04","24","41","72","PT-04102726776"),
("155","PT-01","24","42",NULL,"PT-01216408733"),
("156","PT-02","24","42","24","PT-02523908617"),
("157","PT-03","24","42","48","PT-03827275134"),
("158","PT-04","24","42","1099","PT-0484360948"),
("159","PT-05","24","42","1123","PT-051511144985"),
("160","PT-06","24","42","1147","PT-06225978714"),
("161","PT-07","24","42","1171","PT-071558451747"),
("163","PT-08","24","42","1195","PT-081943118306"),
("164","PT-01","24","43",NULL,"PT-011678930188"),
("165","PT-02","24","43","24","PT-02103594984"),
("166","PT-03","24","43","48","PT-03206303286"),
("167","PT-04","24","43","72","PT-04784651550"),
("168","PT-05","24","43","96","PT-051084445840"),
("169","PT-09","24","42","1219","PT-09799773352"),
("170","PT-06","24","43","120","PT-061714957732"),
("171","PT-07","24","43","144","PT-071682782594"),
("172","PT-01","24","44",NULL,"PT-011424005315"),
("173","PT-02","24","44","24","PT-022091079422"),
("174","PT-03","24","44","48","PT-031108402219"),
("175","PT-04","24","44","72","PT-0470343673"),
("176","PT-05","24","44","96","PT-05677151720"),
("177","PT-06","24","44","120","PT-06193167586"),
("178","PT-07","24","44","144","PT-071196802622"),
("179","PT-08","24","44","168","PT-081202924677"),
("180","PT-01","24","45",NULL,"PT-01843491040"),
("182","PT-02","24","45","24","PT-021652880038"),
("183","PT-03","24","45","48","PT-032037454945"),
("184","PT-04","24","45","72","PT-04429398263"),
("185","PT-01","24","46",NULL,"PT-011781998626"),
("186","PT-02","24","46","24","PT-02633710255"),
("187","PT-03","24","46","48","PT-03877231562"),
("188","PT-04","24","46","72","PT-04368789094"),
("189","PT-01","24","47",NULL,"PT-011839589871"),
("190","PT-02","24","47","24","PT-02265880341"),
("191","PT-01","24","48",NULL,"PT-01190257063"),
("192","PT-02","24","48","24","PT-021620870342"),
("193","PT-03","24","48","48","PT-03986819222"),
("194","PT-04","24","48","72","PT-041389783281"),
("195","PT-05","24","48","96","PT-0568028538"),
("196","PT-06","24","48","120","PT-062025918307"),
("197","PT-07","24","48","144","PT-07634384379"),
("198","PT-08","24","48","168","PT-08325895169"),
("199","PT-09","24","48","192","PT-091890137255"),
("200","PT-10","24","48","216","PT-101844908504"),
("201","PT-01","24","49",NULL,"PT-01396164756"),
("202","PT-02","24","49","24","PT-021591498502"),
("203","PT-03","24","49","48","PT-031325708427"),
("204","PT-04","24","49","72","PT-032134783811"),
("205","PT-01","24","50",NULL,"PT-011495867078"),
("206","PT-02","24","50","24","PT-02110298933");

CREATE TABLE IF NOT EXISTS `pt_patch` (
`cod_pt_patch` int(10) NOT NULL AUTO_INCREMENT,
`id_patch` varchar(10) NOT NULL ,
`cod_patch` int(10) NOT NULL ,
`status` int(2) DEFAULT 0 ,
`id_switch` varchar(20) DEFAULT NULL ,
`id_voice` varchar(30) DEFAULT NULL ,
`rack` varchar(10) DEFAULT NULL ,
PRIMARY KEY (`cod_pt_patch`)
) ENGINE=InnoDB AUTO_INCREMENT=48401 DEFAULT CHARSET=utf8mb4 COLLATE=utf8_bin; 

INSERT INTO `pt_patch` VALUES 
("1284","1","65","1","141","51","34"),
("1285","2","65",NULL,NULL,NULL,"34"),
("1286","3","65","1",NULL,"50","34"),
("1287","4","65",NULL,NULL,NULL,"34"),
("1288","5","65",NULL,NULL,NULL,"34"),
("1289","6","65",NULL,NULL,NULL,"34"),
("1290","7","65",NULL,NULL,NULL,"34"),
("1291","8","65",NULL,NULL,NULL,"34"),
("1292","9","65","1",NULL,"51","34"),
("1293","10","65",NULL,NULL,NULL,"34"),
("1294","11","65",NULL,NULL,NULL,"34"),
("1295","12","65",NULL,NULL,NULL,"34"),
("1296","13","65","1",NULL,"50","34"),
("1297","14","65",NULL,NULL,NULL,"34"),
("1298","15","65",NULL,NULL,NULL,"34"),
("1299","16","65","1","142",NULL,"34"),
("1300","17","65",NULL,NULL,NULL,"34"),
("1301","18","65",NULL,NULL,NULL,"34"),
("1302","19","65",NULL,NULL,NULL,"34"),
("1303","20","65","1",NULL,"51","34"),
("1304","21","65","1",NULL,"51","34"),
("1305","22","65",NULL,NULL,NULL,"34"),
("1306","23","65",NULL,NULL,NULL,"34"),
("1307","24","65",NULL,NULL,NULL,"34"),
("1308","1","66",NULL,"141",NULL,"34"),
("1309","2","66",NULL,NULL,NULL,"34"),
("1310","3","66",NULL,NULL,NULL,"34"),
("1311","4","66","1",NULL,"51","34"),
("1312","5","66",NULL,NULL,NULL,"34"),
("1313","6","66",NULL,NULL,NULL,"34"),
("1314","7","66",NULL,NULL,NULL,"34"),
("1315","8","66","1","142",NULL,"34"),
("1316","9","66",NULL,NULL,NULL,"34"),
("1317","10","66",NULL,NULL,NULL,"34"),
("1318","11","66","1",NULL,"51","34"),
("1319","12","66","1","142",NULL,"34"),
("1320","13","66",NULL,NULL,NULL,"34"),
("1321","14","66",NULL,NULL,NULL,"34"),
("1322","15","66","1",NULL,"50","34"),
("1323","16","66",NULL,NULL,NULL,"34"),
("1324","17","66",NULL,NULL,NULL,"34"),
("1325","18","66","1","142",NULL,"34"),
("1326","19","66",NULL,NULL,NULL,"34"),
("1327","20","66",NULL,NULL,NULL,"34"),
("1328","21","66",NULL,NULL,NULL,"34"),
("1329","22","66","1",NULL,"51","34"),
("1330","23","66",NULL,NULL,NULL,"34"),
("1331","24","66","1",NULL,"50","34"),
("1332","1","67",NULL,NULL,NULL,"34"),
("1333","2","67","1",NULL,"51","34"),
("1334","3","67","1",NULL,"50","34"),
("1335","4","67",NULL,NULL,NULL,"34"),
("1336","5","67","1",NULL,"50","34"),
("1337","6","67","1","142",NULL,"34"),
("1338","7","67","1",NULL,"50","34"),
("1339","8","67","1",NULL,"50","34"),
("1340","9","67","1","142",NULL,"34"),
("1341","10","67",NULL,NULL,NULL,"34"),
("1342","11","67",NULL,NULL,NULL,"34"),
("1343","12","67",NULL,NULL,NULL,"34"),
("1344","13","67",NULL,NULL,NULL,"34"),
("1345","14","67",NULL,NULL,NULL,"34"),
("1346","15","67",NULL,NULL,NULL,"34"),
("1347","16","67",NULL,NULL,NULL,"34"),
("1348","17","67",NULL,NULL,NULL,"34"),
("1349","18","67",NULL,NULL,NULL,"34"),
("1350","19","67",NULL,NULL,NULL,"34"),
("1351","20","67","1",NULL,"51","34"),
("1352","21","67","1",NULL,"50","34"),
("1353","22","67",NULL,NULL,NULL,"34"),
("1354","23","67","1",NULL,"50","34"),
("1355","24","67",NULL,NULL,NULL,"34"),
("1356","1","68","1",NULL,"50","34"),
("1357","2","68",NULL,NULL,NULL,"34"),
("1358","3","68",NULL,"142",NULL,"34"),
("1359","4","68","1",NULL,"51","34"),
("1360","5","68",NULL,NULL,NULL,"34"),
("1361","6","68",NULL,NULL,NULL,"34"),
("1362","7","68","1",NULL,"51","34"),
("1363","8","68",NULL,NULL,NULL,"34"),
("1364","9","68","1",NULL,"50","34"),
("1365","10","68",NULL,NULL,NULL,"34"),
("1366","11","68","1",NULL,"51","34"),
("1367","12","68",NULL,NULL,NULL,"34"),
("1368","13","68","1",NULL,"50","34"),
("1369","14","68",NULL,NULL,NULL,"34"),
("1370","15","68",NULL,NULL,NULL,"34"),
("1371","16","68","1",NULL,"51","34"),
("1372","17","68","1",NULL,"50","34"),
("1373","18","68",NULL,NULL,NULL,"34"),
("1374","19","68",NULL,NULL,NULL,"34"),
("1375","20","68",NULL,NULL,NULL,"34"),
("1376","21","68","1",NULL,"51","34"),
("1377","22","68","1",NULL,"50","34"),
("1378","23","68",NULL,NULL,NULL,"34"),
("1379","24","68",NULL,NULL,NULL,"34"),
("1380","1","69","1",NULL,"50","34"),
("1381","2","69",NULL,NULL,NULL,"34"),
("1382","3","69","1","142",NULL,"34"),
("1383","4","69","1","142",NULL,"34"),
("1384","5","69",NULL,NULL,NULL,"34"),
("1385","6","69","1","142",NULL,"34"),
("1386","7","69","1",NULL,"50","34"),
("1387","8","69","1",NULL,"51","34"),
("1388","9","69","1","142",NULL,"34"),
("1389","10","69",NULL,NULL,NULL,"34"),
("1390","11","69",NULL,NULL,NULL,"34"),
("1391","12","69","1","142",NULL,"34"),
("1392","13","69","1",NULL,"50","34"),
("1393","14","69",NULL,NULL,NULL,"34"),
("1394","15","69","1","142",NULL,"34"),
("1395","16","69","1",NULL,"51","34"),
("1396","17","69",NULL,NULL,NULL,"34"),
("1397","18","69",NULL,NULL,NULL,"34"),
("1398","19","69","1",NULL,"51","34"),
("1399","20","69",NULL,NULL,NULL,"34"),
("1400","21","69","1",NULL,"51","34"),
("1401","22","69",NULL,NULL,NULL,"34"),
("1402","23","69",NULL,NULL,NULL,"34"),
("1403","24","69",NULL,NULL,NULL,"34"),
("1404","1","70",NULL,NULL,NULL,"34"),
("1405","2","70",NULL,NULL,NULL,"34"),
("1406","3","70",NULL,NULL,NULL,"34"),
("1407","4","70",NULL,NULL,NULL,"34"),
("1408","5","70","1",NULL,"50","34"),
("1409","6","70","1","142",NULL,"34"),
("1410","7","70",NULL,NULL,NULL,"34"),
("1411","8","70",NULL,NULL,NULL,"34"),
("1412","9","70","1",NULL,"51","34"),
("1413","10","70",NULL,NULL,NULL,"34"),
("1414","11","70",NULL,NULL,NULL,"34"),
("1415","12","70",NULL,NULL,NULL,"34"),
("1416","13","70",NULL,NULL,NULL,"34"),
("1417","14","70",NULL,NULL,NULL,"34"),
("1418","15","70",NULL,NULL,NULL,"34"),
("1419","16","70",NULL,NULL,NULL,"34"),
("1420","17","70",NULL,NULL,NULL,"34"),
("1421","18","70",NULL,NULL,NULL,"34"),
("1422","19","70",NULL,NULL,NULL,"34"),
("1423","20","70",NULL,NULL,NULL,"34"),
("1424","21","70",NULL,NULL,NULL,"34"),
("1425","22","70",NULL,NULL,NULL,"34"),
("1426","23","70",NULL,NULL,NULL,"34"),
("1427","24","70",NULL,NULL,NULL,"34"),
("1428","1","71","1",NULL,"53","35"),
("1429","2","71",NULL,NULL,NULL,"35"),
("1430","3","71",NULL,NULL,NULL,"35"),
("1431","4","71",NULL,NULL,NULL,"35"),
("1432","5","71",NULL,NULL,NULL,"35"),
("1433","6","71",NULL,NULL,NULL,"35"),
("1434","7","71","1",NULL,"52","35"),
("1435","8","71",NULL,NULL,NULL,"35"),
("1436","9","71","1",NULL,"52","35"),
("1437","10","71",NULL,NULL,NULL,"35"),
("1438","11","71","1",NULL,"52","35"),
("1439","12","71",NULL,NULL,NULL,"35"),
("1440","13","71","1",NULL,"53","35"),
("1441","14","71",NULL,NULL,NULL,"35"),
("1442","15","71",NULL,NULL,NULL,"35"),
("1443","16","71",NULL,NULL,NULL,"35"),
("1444","17","71","1",NULL,"53","35"),
("1445","18","71",NULL,NULL,NULL,"35"),
("1446","19","71",NULL,NULL,NULL,"35"),
("1447","20","71",NULL,NULL,NULL,"35"),
("1448","21","71","1",NULL,"52","35"),
("1449","22","71",NULL,NULL,NULL,"35"),
("1450","23","71",NULL,NULL,NULL,"35"),
("1451","24","71",NULL,NULL,NULL,"35"),
("1452","1","72","1",NULL,"54","35"),
("1453","2","72",NULL,NULL,NULL,"35"),
("1454","3","72","1",NULL,"52","35"),
("1455","4","72",NULL,NULL,NULL,"35"),
("1456","5","72",NULL,NULL,NULL,"35"),
("1457","6","72",NULL,NULL,NULL,"35"),
("1458","7","72","1",NULL,"53","35"),
("1459","8","72",NULL,NULL,NULL,"35"),
("1460","9","72","1",NULL,"53","35"),
("1461","10","72",NULL,NULL,NULL,"35"),
("1462","11","72","1",NULL,"53","35"),
("1463","12","72",NULL,NULL,NULL,"35"),
("1464","13","72","1",NULL,"52","35"),
("1465","14","72",NULL,NULL,NULL,"35"),
("1466","15","72",NULL,NULL,NULL,"35"),
("1467","16","72",NULL,NULL,NULL,"35"),
("1468","17","72","1",NULL,"52","35"),
("1469","18","72",NULL,NULL,NULL,"35"),
("1470","19","72",NULL,NULL,NULL,"35"),
("1471","20","72",NULL,NULL,NULL,"35"),
("1472","21","72","1",NULL,"54","35"),
("1473","22","72",NULL,NULL,NULL,"35"),
("1474","23","72",NULL,NULL,NULL,"35"),
("1475","24","72","1",NULL,"52","35"),
("1476","1","73","1",NULL,"52","35"),
("1477","2","73",NULL,NULL,NULL,"35"),
("1478","3","73","1",NULL,"52","35"),
("1479","4","73",NULL,NULL,NULL,"35"),
("1480","5","73","1",NULL,"52","35"),
("1481","6","73",NULL,NULL,NULL,"35"),
("1482","7","73","1",NULL,"53","35"),
("1483","8","73",NULL,NULL,NULL,"35"),
("1484","9","73","1",NULL,"54","35"),
("1485","10","73",NULL,NULL,NULL,"35"),
("1486","11","73","1",NULL,"53","35"),
("1487","12","73",NULL,NULL,NULL,"35"),
("1488","13","73",NULL,NULL,NULL,"35"),
("1489","14","73",NULL,NULL,NULL,"35"),
("1490","15","73",NULL,NULL,NULL,"35"),
("1491","16","73",NULL,NULL,NULL,"35"),
("1492","17","73",NULL,NULL,NULL,"35"),
("1493","18","73",NULL,NULL,NULL,"35"),
("1494","19","73","1",NULL,"54","35"),
("1495","20","73",NULL,NULL,NULL,"35"),
("1496","21","73","1",NULL,"52","35"),
("1497","22","73",NULL,NULL,NULL,"35"),
("1498","23","73","1",NULL,"54","35"),
("1499","24","73",NULL,NULL,NULL,"35"),
("1500","1","74","1",NULL,"53","35"),
("1501","2","74",NULL,NULL,NULL,"35"),
("1502","3","74","1",NULL,"53","35"),
("1503","4","74",NULL,NULL,NULL,"35"),
("1504","5","74","1",NULL,"54","35"),
("1505","6","74",NULL,NULL,NULL,"35"),
("1506","7","74",NULL,NULL,NULL,"35"),
("1507","8","74",NULL,NULL,NULL,"35"),
("1508","9","74","1",NULL,"53","35"),
("1509","10","74",NULL,NULL,NULL,"35"),
("1510","11","74","1",NULL,"53","35"),
("1511","12","74",NULL,NULL,NULL,"35"),
("1512","13","74","1",NULL,"53","35"),
("1513","14","74",NULL,NULL,NULL,"35"),
("1514","15","74","1",NULL,"54","35"),
("1515","16","74",NULL,NULL,NULL,"35"),
("1516","17","74","1",NULL,"53","35"),
("1517","18","74",NULL,NULL,NULL,"35"),
("1518","19","74","1",NULL,"53","35"),
("1519","20","74",NULL,NULL,NULL,"35"),
("1520","21","74","1",NULL,"52","35"),
("1521","22","74",NULL,NULL,NULL,"35"),
("1522","23","74","1",NULL,"53","35"),
("1523","24","74",NULL,NULL,NULL,"35"),
("1524","1","75","1",NULL,"53","35"),
("1525","2","75",NULL,NULL,NULL,"35"),
("1526","3","75","1",NULL,"54","35"),
("1527","4","75","1",NULL,"54","35"),
("1528","5","75","1",NULL,"52","35"),
("1529","6","75",NULL,NULL,NULL,"35"),
("1530","7","75","1",NULL,"53","35"),
("1531","8","75",NULL,NULL,NULL,"35"),
("1532","9","75","1",NULL,"53","35"),
("1533","10","75",NULL,NULL,NULL,"35"),
("1534","11","75","1",NULL,"53","35"),
("1535","12","75",NULL,NULL,NULL,"35"),
("1536","13","75",NULL,NULL,NULL,"35"),
("1537","14","75",NULL,NULL,NULL,"35"),
("1538","15","75",NULL,NULL,NULL,"35"),
("1539","16","75",NULL,NULL,NULL,"35"),
("1540","17","75",NULL,NULL,NULL,"35"),
("1541","18","75",NULL,NULL,NULL,"35"),
("1542","19","75","1",NULL,"54","35"),
("1543","20","75",NULL,NULL,NULL,"35"),
("1544","21","75","1",NULL,"54","35"),
("1545","22","75",NULL,NULL,NULL,"35"),
("1546","23","75",NULL,NULL,NULL,"35"),
("1547","24","75","1",NULL,"54","35"),
("1548","1","76",NULL,NULL,NULL,"35"),
("1549","2","76",NULL,NULL,NULL,"35"),
("1550","3","76",NULL,NULL,NULL,"35"),
("1551","4","76",NULL,NULL,NULL,"35"),
("1552","5","76",NULL,NULL,NULL,"35"),
("1553","6","76",NULL,NULL,NULL,"35"),
("1554","7","76","1",NULL,"52","35"),
("1555","8","76",NULL,NULL,NULL,"35"),
("1556","9","76","1",NULL,"52","35"),
("1557","10","76",NULL,NULL,NULL,"35"),
("1558","11","76","1",NULL,"52","35"),
("1559","12","76",NULL,NULL,NULL,"35"),
("1560","13","76","1",NULL,"54","35"),
("1561","14","76",NULL,NULL,NULL,"35"),
("1562","15","76",NULL,NULL,NULL,"35"),
("1563","16","76",NULL,NULL,NULL,"35"),
("1564","17","76","1",NULL,"52","35"),
("1565","18","76",NULL,NULL,NULL,"35"),
("1566","19","76",NULL,NULL,NULL,"35"),
("1567","20","76",NULL,NULL,NULL,"35"),
("1568","21","76","1",NULL,"54","35"),
("1569","22","76",NULL,NULL,NULL,"35"),
("1570","23","76",NULL,NULL,NULL,"35"),
("1571","24","76",NULL,NULL,NULL,"35"),
("1572","1","77","1",NULL,"52","35"),
("1573","2","77",NULL,NULL,NULL,"35"),
("1574","3","77","1",NULL,"53","35"),
("1575","4","77",NULL,NULL,NULL,"35"),
("1576","5","77","1",NULL,"54","35"),
("1577","6","77",NULL,NULL,NULL,"35"),
("1578","7","77","1",NULL,"52","35"),
("1579","8","77",NULL,NULL,NULL,"35"),
("1580","9","77","1",NULL,"54","35"),
("1581","10","77",NULL,NULL,NULL,"35"),
("1582","11","77",NULL,NULL,NULL,"35"),
("1583","12","77",NULL,NULL,NULL,"35"),
("1584","13","77",NULL,NULL,NULL,"35"),
("1585","14","77",NULL,NULL,NULL,"35"),
("1586","15","77",NULL,NULL,NULL,"35"),
("1587","16","77",NULL,NULL,NULL,"35"),
("1588","17","77",NULL,NULL,NULL,"35"),
("1589","18","77",NULL,NULL,NULL,"35"),
("1590","19","77",NULL,NULL,NULL,"35"),
("1591","20","77",NULL,NULL,NULL,"35"),
("1592","21","77",NULL,NULL,NULL,"35"),
("1593","22","77",NULL,NULL,NULL,"35"),
("1594","23","77",NULL,NULL,NULL,"35"),
("1595","24","77",NULL,NULL,NULL,"35"),
("46337","1","121",NULL,NULL,NULL,"35"),
("46338","2","121",NULL,NULL,NULL,"35"),
("46339","3","121","1",NULL,"55","35"),
("46340","4","121",NULL,NULL,NULL,"35"),
("46341","5","121",NULL,NULL,NULL,"35"),
("46342","6","121",NULL,NULL,NULL,"35"),
("46343","7","121","1",NULL,"55","35"),
("46344","8","121",NULL,NULL,NULL,"35"),
("46345","9","121","1",NULL,"56","35"),
("46346","10","121",NULL,NULL,NULL,"35"),
("46347","11","121","1",NULL,"56","35"),
("46348","12","121",NULL,NULL,NULL,"35"),
("46349","13","121","1",NULL,"58","35"),
("46350","14","121",NULL,NULL,NULL,"35"),
("46351","15","121","1",NULL,"55","35"),
("46352","16","121",NULL,NULL,NULL,"35"),
("46353","17","121",NULL,NULL,NULL,"35"),
("46354","18","121",NULL,NULL,NULL,"35"),
("46355","19","121",NULL,NULL,NULL,"35"),
("46356","20","121",NULL,NULL,NULL,"35"),
("46357","21","121","1",NULL,"56","35"),
("46358","22","121",NULL,NULL,NULL,"35"),
("46359","23","121","1",NULL,"56","35"),
("46360","24","121",NULL,NULL,NULL,"35"),
("46361","1","122",NULL,NULL,NULL,"36"),
("46362","2","122","1",NULL,"55","36"),
("46363","3","122","1",NULL,"55","36"),
("46364","4","122",NULL,NULL,NULL,"36"),
("46365","5","122","1",NULL,"55","36"),
("46366","6","122",NULL,NULL,NULL,"36"),
("46367","7","122","1",NULL,"58","36"),
("46368","8","122","1",NULL,"58","36"),
("46369","9","122",NULL,NULL,NULL,"36"),
("46370","10","122",NULL,NULL,NULL,"36"),
("46371","11","122","1",NULL,"55","36"),
("46372","12","122",NULL,NULL,NULL,"36"),
("46373","13","122","1",NULL,"55","36"),
("46374","14","122",NULL,NULL,NULL,"36"),
("46375","15","122","1",NULL,"55","36"),
("46376","16","122",NULL,NULL,NULL,"36"),
("46377","17","122","1",NULL,"55","36"),
("46378","18","122",NULL,NULL,NULL,"36"),
("46379","19","122","1",NULL,"55","36"),
("46380","20","122",NULL,NULL,NULL,"36"),
("46381","21","122",NULL,NULL,NULL,"36"),
("46382","22","122","1",NULL,"58","36"),
("46383","23","122","1",NULL,"55","36"),
("46384","24","122",NULL,NULL,NULL,"36"),
("46385","1","123","1",NULL,"55","36"),
("46386","2","123",NULL,NULL,NULL,"36"),
("46387","3","123",NULL,NULL,NULL,"36"),
("46388","4","123",NULL,NULL,NULL,"36"),
("46389","5","123",NULL,NULL,NULL,"36"),
("46390","6","123",NULL,NULL,NULL,"36"),
("46391","7","123","1",NULL,"56","36"),
("46392","8","123","1",NULL,"55","36"),
("46393","9","123",NULL,NULL,NULL,"36"),
("46394","10","123","1",NULL,"55","36"),
("46395","11","123",NULL,NULL,NULL,"36"),
("46396","12","123",NULL,NULL,NULL,"36"),
("46397","13","123",NULL,NULL,NULL,"36"),
("46398","14","123",NULL,NULL,NULL,"36"),
("46399","15","123","1",NULL,"56","36"),
("46400","16","123",NULL,NULL,NULL,"36"),
("46401","17","123","1",NULL,"56","36"),
("46402","18","123",NULL,NULL,NULL,"36"),
("46403","19","123","1",NULL,"55","36"),
("46404","20","123",NULL,NULL,NULL,"36"),
("46405","21","123",NULL,NULL,NULL,"36"),
("46406","22","123",NULL,NULL,NULL,"36"),
("46407","23","123","1",NULL,"58","36"),
("46408","24","123",NULL,NULL,NULL,"36"),
("46409","1","124","1",NULL,"55","35"),
("46410","2","124",NULL,NULL,NULL,"35"),
("46411","3","124",NULL,NULL,NULL,"35"),
("46412","4","124",NULL,NULL,NULL,"35"),
("46413","5","124",NULL,NULL,NULL,"35"),
("46414","6","124","1",NULL,"58","35"),
("46415","7","124","1",NULL,"56","35"),
("46416","8","124",NULL,NULL,NULL,"35"),
("46417","9","124","1",NULL,"56","35"),
("46418","10","124",NULL,NULL,NULL,"35"),
("46419","11","124",NULL,NULL,NULL,"35"),
("46420","12","124",NULL,NULL,NULL,"35"),
("46421","13","124",NULL,NULL,NULL,"35"),
("46422","14","124",NULL,NULL,NULL,"35"),
("46423","15","124","1",NULL,"58","35"),
("46424","16","124",NULL,NULL,NULL,"35"),
("46425","17","124",NULL,NULL,NULL,"35"),
("46426","18","124",NULL,NULL,NULL,"35"),
("46427","19","124",NULL,NULL,NULL,"35"),
("46428","20","124",NULL,NULL,NULL,"35"),
("46429","21","124","1",NULL,"55","35"),
("46430","22","124",NULL,NULL,NULL,"35"),
("46431","23","124",NULL,NULL,NULL,"35"),
("46432","24","124",NULL,NULL,NULL,"35"),
("46433","1","125",NULL,NULL,NULL,"36"),
("46434","2","125",NULL,NULL,NULL,"36"),
("46435","3","125","1",NULL,"56","36"),
("46436","4","125","1",NULL,"56","36"),
("46437","5","125",NULL,NULL,NULL,"36"),
("46438","6","125",NULL,NULL,NULL,"36"),
("46439","7","125",NULL,NULL,NULL,"36"),
("46440","8","125",NULL,NULL,NULL,"36"),
("46441","9","125","1",NULL,"56","36"),
("46442","10","125",NULL,NULL,NULL,"36"),
("46443","11","125","1",NULL,"58","36"),
("46444","12","125",NULL,NULL,NULL,"36"),
("46445","13","125","1",NULL,"56","36"),
("46446","14","125",NULL,NULL,NULL,"36"),
("46447","15","125","1",NULL,"55","36"),
("46448","16","125",NULL,NULL,NULL,"36"),
("46449","17","125",NULL,NULL,NULL,"36"),
("46450","18","125",NULL,NULL,NULL,"36"),
("46451","19","125",NULL,NULL,NULL,"36"),
("46452","20","125",NULL,NULL,NULL,"36"),
("46453","21","125",NULL,NULL,NULL,"36"),
("46454","22","125",NULL,NULL,NULL,"36"),
("46455","23","125",NULL,NULL,NULL,"36"),
("46456","24","125",NULL,NULL,NULL,"36"),
("46457","1","126",NULL,NULL,NULL,"36"),
("46458","2","126",NULL,NULL,NULL,"36"),
("46459","3","126",NULL,NULL,NULL,"36"),
("46460","4","126",NULL,NULL,NULL,"36"),
("46461","5","126","1",NULL,"58","36"),
("46462","6","126",NULL,NULL,NULL,"36"),
("46463","7","126",NULL,NULL,NULL,"36"),
("46464","8","126",NULL,NULL,NULL,"36"),
("46465","9","126","1",NULL,"55","36"),
("46466","10","126",NULL,NULL,NULL,"36"),
("46467","11","126","1",NULL,"56","36"),
("46468","12","126",NULL,NULL,NULL,"36"),
("46469","13","126",NULL,NULL,NULL,"36"),
("46470","14","126","1",NULL,"58","36"),
("46471","15","126","1",NULL,"55","36"),
("46472","16","126",NULL,NULL,NULL,"36"),
("46473","17","126",NULL,NULL,NULL,"36"),
("46474","18","126",NULL,NULL,NULL,"36"),
("46475","19","126",NULL,NULL,NULL,"36"),
("46476","20","126",NULL,NULL,NULL,"36"),
("46477","21","126","1",NULL,"56","36"),
("46478","22","126",NULL,NULL,NULL,"36"),
("46479","23","126","1",NULL,"56","36"),
("46480","24","126",NULL,NULL,NULL,"36"),
("46481","1","127","1",NULL,"55","36"),
("46482","2","127",NULL,NULL,NULL,"36"),
("46483","3","127","1",NULL,"58","36"),
("46484","4","127",NULL,NULL,NULL,"36"),
("46485","5","127",NULL,NULL,NULL,"36"),
("46486","6","127",NULL,NULL,NULL,"36"),
("46487","7","127","1",NULL,"56","36"),
("46488","8","127",NULL,NULL,NULL,"36"),
("46489","9","127","1",NULL,"58","36"),
("46490","10","127",NULL,NULL,NULL,"36"),
("46491","11","127",NULL,NULL,NULL,"36"),
("46492","12","127",NULL,NULL,NULL,"36"),
("46493","13","127",NULL,NULL,NULL,"36"),
("46494","14","127",NULL,NULL,NULL,"36"),
("46495","15","127","1",NULL,"58","36"),
("46496","16","127",NULL,NULL,NULL,"36"),
("46497","17","127",NULL,NULL,NULL,"36"),
("46498","18","127",NULL,NULL,NULL,"36"),
("46499","19","127","1",NULL,"58","36"),
("46500","20","127",NULL,NULL,NULL,"36"),
("46501","21","127","1",NULL,"58","36"),
("46502","22","127",NULL,NULL,NULL,"36"),
("46503","23","127","1",NULL,"58","36"),
("46504","24","127",NULL,NULL,NULL,"36"),
("46505","1","128",NULL,NULL,NULL,"36"),
("46506","2","128","1",NULL,"55","36"),
("46507","3","128",NULL,NULL,NULL,"36"),
("46508","4","128",NULL,NULL,NULL,"36"),
("46509","5","128","1",NULL,"56","36"),
("46510","6","128",NULL,NULL,NULL,"36"),
("46511","7","128","1",NULL,"56","36"),
("46512","8","128",NULL,NULL,NULL,"36"),
("46513","9","128",NULL,NULL,NULL,"36"),
("46514","10","128",NULL,NULL,NULL,"36"),
("46515","11","128",NULL,NULL,NULL,"36"),
("46516","12","128",NULL,NULL,NULL,"36"),
("46517","13","128",NULL,NULL,NULL,"36"),
("46518","14","128",NULL,NULL,NULL,"36"),
("46519","15","128",NULL,NULL,NULL,"36"),
("46520","16","128",NULL,NULL,NULL,"36"),
("46521","17","128",NULL,NULL,NULL,"36"),
("46522","18","128",NULL,NULL,NULL,"36"),
("46523","19","128",NULL,NULL,NULL,"36"),
("46524","20","128",NULL,NULL,NULL,"36"),
("46525","21","128",NULL,NULL,NULL,"36"),
("46526","22","128",NULL,NULL,NULL,"36"),
("46527","23","128",NULL,NULL,NULL,"36"),
("46528","24","128",NULL,NULL,NULL,"36"),
("46529","1","129","1",NULL,"59","37"),
("46530","2","129",NULL,NULL,NULL,"37"),
("46531","3","129",NULL,NULL,NULL,"37"),
("46532","4","129",NULL,NULL,NULL,"37"),
("46533","5","129",NULL,NULL,NULL,"37"),
("46534","6","129",NULL,NULL,NULL,"37"),
("46535","7","129","1","151",NULL,"37"),
("46536","8","129",NULL,NULL,NULL,"37"),
("46537","9","129","1",NULL,"59","37"),
("46538","10","129",NULL,NULL,NULL,"37"),
("46539","11","129",NULL,NULL,NULL,"37"),
("46540","12","129",NULL,NULL,NULL,"37"),
("46541","13","129","1",NULL,"59","37"),
("46542","14","129",NULL,NULL,NULL,"37"),
("46543","15","129",NULL,NULL,NULL,"37"),
("46544","16","129",NULL,NULL,NULL,"37"),
("46545","17","129",NULL,NULL,NULL,"37"),
("46546","18","129","1","151",NULL,"37"),
("46547","19","129",NULL,NULL,NULL,"37"),
("46548","20","129","1",NULL,"59","37"),
("46549","21","129","1",NULL,"59","37"),
("46550","22","129",NULL,NULL,NULL,"37"),
("46551","23","129",NULL,NULL,NULL,"37"),
("46552","24","129",NULL,NULL,NULL,"37"),
("46553","1","130","1",NULL,"59","37"),
("46554","2","130",NULL,NULL,NULL,"37"),
("46555","3","130","1",NULL,"59","37"),
("46556","4","130",NULL,NULL,NULL,"37"),
("46557","5","130",NULL,NULL,NULL,"37"),
("46558","6","130",NULL,NULL,NULL,"37"),
("46559","7","130",NULL,NULL,NULL,"37"),
("46560","8","130",NULL,NULL,NULL,"37"),
("46561","9","130",NULL,NULL,NULL,"37"),
("46562","10","130",NULL,NULL,NULL,"37"),
("46563","11","130",NULL,NULL,NULL,"37"),
("46564","12","130",NULL,NULL,NULL,"37"),
("46565","13","130",NULL,NULL,NULL,"37"),
("46566","14","130",NULL,NULL,NULL,"37"),
("46567","15","130",NULL,NULL,NULL,"37"),
("46568","16","130",NULL,NULL,NULL,"37"),
("46569","17","130",NULL,NULL,NULL,"37"),
("46570","18","130",NULL,NULL,NULL,"37"),
("46571","19","130",NULL,NULL,NULL,"37"),
("46572","20","130","1",NULL,"59","37"),
("46573","21","130",NULL,NULL,NULL,"37"),
("46574","22","130",NULL,NULL,NULL,"37"),
("46575","23","130",NULL,NULL,NULL,"37"),
("46576","24","130",NULL,NULL,NULL,"37"),
("46601","1","132",NULL,NULL,NULL,"37"),
("46602","2","132",NULL,NULL,NULL,"37"),
("46603","3","132",NULL,NULL,NULL,"37"),
("46604","4","132",NULL,NULL,NULL,"37"),
("46605","5","132",NULL,NULL,NULL,"37"),
("46606","6","132",NULL,NULL,NULL,"37"),
("46607","7","132","1",NULL,"59","37"),
("46608","8","132",NULL,NULL,NULL,"37"),
("46609","9","132",NULL,NULL,NULL,"37"),
("46610","10","132",NULL,NULL,NULL,"37"),
("46611","11","132",NULL,NULL,NULL,"37"),
("46612","12","132",NULL,NULL,NULL,"37"),
("46613","13","132",NULL,NULL,NULL,"37"),
("46614","14","132",NULL,NULL,NULL,"37"),
("46615","15","132",NULL,NULL,NULL,"37"),
("46616","16","132",NULL,NULL,NULL,"37"),
("46617","17","132",NULL,NULL,NULL,"37"),
("46618","18","132","1",NULL,"59","37"),
("46619","19","132","1",NULL,"59","37"),
("46620","20","132",NULL,NULL,NULL,"37"),
("46621","21","132","1",NULL,"59","37"),
("46622","22","132",NULL,NULL,NULL,"37"),
("46623","23","132",NULL,NULL,NULL,"37"),
("46624","24","132",NULL,NULL,NULL,"37"),
("46625","1","133","1",NULL,"59","37"),
("46626","2","133",NULL,NULL,NULL,"37"),
("46627","3","133",NULL,NULL,NULL,"37"),
("46628","4","133",NULL,NULL,NULL,"37"),
("46629","5","133",NULL,NULL,NULL,"37"),
("46630","6","133",NULL,NULL,NULL,"37"),
("46631","7","133",NULL,NULL,NULL,"37"),
("46632","8","133",NULL,NULL,NULL,"37"),
("46633","9","133",NULL,NULL,NULL,"37"),
("46634","10","133",NULL,NULL,NULL,"37"),
("46635","11","133",NULL,NULL,NULL,"37"),
("46636","12","133",NULL,NULL,NULL,"37"),
("46637","13","133",NULL,NULL,NULL,"37"),
("46638","14","133",NULL,NULL,NULL,"37"),
("46639","15","133",NULL,NULL,NULL,"37"),
("46640","16","133",NULL,NULL,NULL,"37"),
("46641","17","133","1",NULL,"59","37"),
("46642","18","133",NULL,NULL,NULL,"37"),
("46643","19","133",NULL,NULL,NULL,"37"),
("46644","20","133",NULL,NULL,NULL,"37"),
("46645","21","133",NULL,NULL,NULL,"37"),
("46646","22","133","1",NULL,"59","37"),
("46647","23","133",NULL,NULL,NULL,"37"),
("46648","24","133",NULL,NULL,NULL,"37"),
("46649","1","134",NULL,NULL,NULL,"37"),
("46650","2","134",NULL,NULL,NULL,"37"),
("46651","3","134",NULL,NULL,NULL,"37"),
("46652","4","134",NULL,NULL,NULL,"37"),
("46653","5","134",NULL,NULL,NULL,"37"),
("46654","6","134",NULL,NULL,NULL,"37"),
("46655","7","134",NULL,NULL,NULL,"37"),
("46656","8","134",NULL,NULL,NULL,"37"),
("46657","9","134",NULL,NULL,NULL,"37"),
("46658","10","134",NULL,NULL,NULL,"37"),
("46659","11","134",NULL,NULL,NULL,"37"),
("46660","12","134",NULL,NULL,NULL,"37"),
("46661","13","134",NULL,NULL,NULL,"37"),
("46662","14","134",NULL,NULL,NULL,"37"),
("46663","15","134",NULL,NULL,NULL,"37"),
("46664","16","134",NULL,NULL,NULL,"37"),
("46665","17","134",NULL,NULL,NULL,"37"),
("46666","18","134",NULL,NULL,NULL,"37"),
("46667","19","134",NULL,NULL,NULL,"37"),
("46668","20","134",NULL,NULL,NULL,"37"),
("46669","21","134",NULL,NULL,NULL,"37"),
("46670","22","134",NULL,NULL,NULL,"37"),
("46671","23","134",NULL,NULL,NULL,"37"),
("46672","24","134",NULL,NULL,NULL,"37"),
("46697","1","136",NULL,NULL,NULL,"39"),
("46698","2","136",NULL,NULL,NULL,"39"),
("46699","3","136","1",NULL,"61","39"),
("46700","4","136",NULL,NULL,NULL,"39"),
("46701","5","136",NULL,NULL,NULL,"39"),
("46702","6","136",NULL,NULL,NULL,"39"),
("46703","7","136",NULL,NULL,NULL,"39"),
("46704","8","136",NULL,NULL,NULL,"39"),
("46705","9","136",NULL,NULL,NULL,"39"),
("46706","10","136",NULL,NULL,NULL,"39"),
("46707","11","136",NULL,NULL,NULL,"39"),
("46708","12","136",NULL,NULL,NULL,"39"),
("46709","13","136",NULL,NULL,NULL,"39"),
("46710","14","136",NULL,NULL,NULL,"39"),
("46711","15","136",NULL,NULL,NULL,"39"),
("46712","16","136","1",NULL,"61","39"),
("46713","17","136",NULL,NULL,NULL,"39"),
("46714","18","136","1",NULL,"61","39"),
("46715","19","136",NULL,NULL,NULL,"39"),
("46716","20","136",NULL,NULL,NULL,"39"),
("46717","21","136",NULL,NULL,NULL,"39"),
("46718","22","136",NULL,NULL,NULL,"39"),
("46719","23","136",NULL,NULL,NULL,"39"),
("46720","24","136",NULL,NULL,NULL,"39"),
("46721","1","137",NULL,NULL,NULL,"39"),
("46722","2","137",NULL,NULL,NULL,"39"),
("46723","3","137",NULL,NULL,NULL,"39"),
("46724","4","137",NULL,NULL,NULL,"39"),
("46725","5","137",NULL,NULL,NULL,"39"),
("46726","6","137",NULL,NULL,NULL,"39"),
("46727","7","137","1",NULL,"61","39"),
("46728","8","137",NULL,NULL,NULL,"39"),
("46729","9","137",NULL,NULL,NULL,"39"),
("46730","10","137",NULL,NULL,NULL,"39"),
("46731","11","137",NULL,NULL,NULL,"39"),
("46732","12","137",NULL,NULL,NULL,"39"),
("46733","13","137",NULL,NULL,NULL,"39"),
("46734","14","137",NULL,NULL,NULL,"39"),
("46735","15","137","1",NULL,"61","39"),
("46736","16","137",NULL,NULL,NULL,"39"),
("46737","17","137",NULL,NULL,NULL,"39"),
("46738","18","137",NULL,NULL,NULL,"39"),
("46739","19","137",NULL,NULL,NULL,"39"),
("46740","20","137",NULL,NULL,NULL,"39"),
("46741","21","137",NULL,NULL,NULL,"39"),
("46742","22","137",NULL,NULL,NULL,"39"),
("46743","23","137",NULL,NULL,NULL,"39"),
("46744","24","137",NULL,NULL,NULL,"39"),
("46745","1","138",NULL,NULL,NULL,"39"),
("46746","2","138",NULL,NULL,NULL,"39"),
("46747","3","138",NULL,NULL,NULL,"39"),
("46748","4","138",NULL,NULL,NULL,"39"),
("46749","5","138","1",NULL,"61","39"),
("46750","6","138",NULL,NULL,NULL,"39"),
("46751","7","138",NULL,NULL,NULL,"39"),
("46752","8","138",NULL,NULL,NULL,"39"),
("46753","9","138","1",NULL,"61","39"),
("46754","10","138",NULL,NULL,NULL,"39"),
("46755","11","138",NULL,NULL,NULL,"39"),
("46756","12","138",NULL,NULL,NULL,"39"),
("46757","13","138",NULL,NULL,NULL,"39"),
("46758","14","138",NULL,NULL,NULL,"39"),
("46759","15","138",NULL,NULL,NULL,"39"),
("46760","16","138",NULL,NULL,NULL,"39"),
("46761","17","138",NULL,NULL,NULL,"39"),
("46762","18","138",NULL,NULL,NULL,"39"),
("46763","19","138","1",NULL,"61","39"),
("46764","20","138",NULL,NULL,NULL,"39"),
("46765","21","138",NULL,NULL,NULL,"39"),
("46766","22","138","1",NULL,"61","39"),
("46767","23","138","1",NULL,"61","39"),
("46768","24","138",NULL,NULL,NULL,"39"),
("46769","1","139",NULL,NULL,NULL,"39"),
("46770","2","139",NULL,NULL,NULL,"39"),
("46771","3","139",NULL,NULL,NULL,"39"),
("46772","4","139",NULL,NULL,NULL,"39"),
("46773","5","139",NULL,NULL,NULL,"39"),
("46774","6","139",NULL,NULL,NULL,"39"),
("46775","7","139","1",NULL,"61","39"),
("46776","8","139",NULL,NULL,NULL,"39"),
("46777","9","139",NULL,NULL,NULL,"39"),
("46778","10","139",NULL,NULL,NULL,"39"),
("46779","11","139",NULL,NULL,NULL,"39"),
("46780","12","139",NULL,NULL,NULL,"39"),
("46781","13","139",NULL,NULL,NULL,"39"),
("46782","14","139",NULL,NULL,NULL,"39"),
("46783","15","139","1",NULL,"61","39"),
("46784","16","139",NULL,NULL,NULL,"39"),
("46785","17","139",NULL,NULL,NULL,"39"),
("46786","18","139",NULL,NULL,NULL,"39"),
("46787","19","139",NULL,NULL,NULL,"39"),
("46788","20","139","1",NULL,"61","39"),
("46789","21","139",NULL,NULL,NULL,"39"),
("46790","22","139",NULL,NULL,NULL,"39"),
("46791","23","139",NULL,NULL,NULL,"39"),
("46792","24","139",NULL,NULL,NULL,"39"),
("46793","1","140",NULL,NULL,NULL,"39"),
("46794","2","140",NULL,NULL,NULL,"39"),
("46795","3","140",NULL,NULL,NULL,"39"),
("46796","4","140",NULL,NULL,NULL,"39"),
("46797","5","140",NULL,NULL,NULL,"39"),
("46798","6","140",NULL,NULL,NULL,"39"),
("46799","7","140",NULL,NULL,NULL,"39"),
("46800","8","140",NULL,NULL,NULL,"39"),
("46801","9","140",NULL,NULL,NULL,"39"),
("46802","10","140",NULL,NULL,NULL,"39"),
("46803","11","140",NULL,NULL,NULL,"39"),
("46804","12","140",NULL,NULL,NULL,"39"),
("46805","13","140",NULL,NULL,NULL,"39"),
("46806","14","140",NULL,NULL,NULL,"39"),
("46807","15","140",NULL,NULL,NULL,"39"),
("46808","16","140",NULL,NULL,NULL,"39"),
("46809","17","140",NULL,NULL,NULL,"39"),
("46810","18","140",NULL,NULL,NULL,"39"),
("46811","19","140",NULL,NULL,NULL,"39"),
("46812","20","140",NULL,NULL,NULL,"39"),
("46813","21","140",NULL,NULL,NULL,"39"),
("46814","22","140",NULL,NULL,NULL,"39"),
("46815","23","140",NULL,NULL,NULL,"39"),
("46816","24","140",NULL,NULL,NULL,"39"),
("46817","1","141",NULL,NULL,NULL,"39"),
("46818","2","141",NULL,NULL,NULL,"39"),
("46819","3","141",NULL,NULL,NULL,"39"),
("46820","4","141",NULL,NULL,NULL,"39"),
("46821","5","141",NULL,NULL,NULL,"39"),
("46822","6","141",NULL,NULL,NULL,"39"),
("46823","7","141","1",NULL,"61","39"),
("46824","8","141",NULL,NULL,NULL,"39"),
("46825","9","141",NULL,NULL,NULL,"39"),
("46826","10","141",NULL,NULL,NULL,"39"),
("46827","11","141",NULL,NULL,NULL,"39"),
("46828","12","141",NULL,NULL,NULL,"39"),
("46829","13","141",NULL,NULL,NULL,"39"),
("46830","14","141",NULL,NULL,NULL,"39"),
("46831","15","141","1",NULL,"61","39"),
("46832","16","141",NULL,NULL,NULL,"39"),
("46833","17","141",NULL,NULL,NULL,"39"),
("46834","18","141",NULL,NULL,NULL,"39"),
("46835","19","141",NULL,NULL,NULL,"39"),
("46836","20","141",NULL,NULL,NULL,"39"),
("46837","21","141","1",NULL,"61","39"),
("46838","22","141",NULL,NULL,NULL,"39"),
("46839","23","141",NULL,NULL,NULL,"39"),
("46840","24","141","1",NULL,"61","39"),
("46841","1","142","1",NULL,"62","40"),
("46842","2","142",NULL,NULL,NULL,"40"),
("46843","3","142","1",NULL,"62","40"),
("46844","4","142",NULL,NULL,NULL,"40"),
("46845","5","142","1",NULL,"62","40"),
("46846","6","142",NULL,NULL,NULL,"40"),
("46847","7","142","1",NULL,"62","40"),
("46848","8","142",NULL,NULL,NULL,"40"),
("46849","9","142",NULL,NULL,NULL,"40"),
("46850","10","142",NULL,NULL,NULL,"40"),
("46851","11","142",NULL,NULL,NULL,"40"),
("46852","12","142",NULL,NULL,NULL,"40"),
("46853","13","142","1",NULL,"63","40"),
("46854","14","142",NULL,NULL,NULL,"40"),
("46855","15","142",NULL,NULL,NULL,"40"),
("46856","16","142",NULL,NULL,NULL,"40"),
("46857","17","142","1",NULL,"62","40"),
("46858","18","142",NULL,NULL,NULL,"40"),
("46859","19","142",NULL,NULL,NULL,"40"),
("46860","20","142",NULL,NULL,NULL,"40"),
("46861","21","142","1",NULL,"62","40"),
("46862","22","142",NULL,NULL,NULL,"40"),
("46863","23","142",NULL,NULL,NULL,"40"),
("46864","24","142",NULL,NULL,NULL,"40"),
("46865","1","143",NULL,NULL,NULL,"40"),
("46866","2","143",NULL,NULL,NULL,"40"),
("46867","3","143","1",NULL,"62","40"),
("46868","4","143",NULL,NULL,NULL,"40"),
("46869","5","143",NULL,NULL,NULL,"40"),
("46870","6","143",NULL,NULL,NULL,"40"),
("46871","7","143","1",NULL,"62","40"),
("46872","8","143",NULL,NULL,NULL,"40"),
("46873","9","143",NULL,NULL,NULL,"40"),
("46874","10","143",NULL,NULL,NULL,"40"),
("46875","11","143",NULL,NULL,NULL,"40"),
("46876","12","143","1",NULL,"62","40"),
("46877","13","143",NULL,NULL,NULL,"40"),
("46878","14","143",NULL,NULL,NULL,"40"),
("46879","15","143","1",NULL,"62","40"),
("46880","16","143",NULL,NULL,NULL,"40"),
("46881","17","143","1",NULL,"63","40"),
("46882","18","143",NULL,NULL,NULL,"40"),
("46883","19","143",NULL,NULL,NULL,"40"),
("46884","20","143",NULL,NULL,NULL,"40"),
("46885","21","143",NULL,NULL,NULL,"40"),
("46886","22","143",NULL,NULL,NULL,"40"),
("46887","23","143",NULL,NULL,NULL,"40"),
("46888","24","143",NULL,NULL,NULL,"40"),
("46889","1","144",NULL,NULL,NULL,"40"),
("46890","2","144",NULL,NULL,NULL,"40"),
("46891","3","144",NULL,NULL,NULL,"40"),
("46892","4","144",NULL,NULL,NULL,"40"),
("46893","5","144",NULL,NULL,NULL,"40"),
("46894","6","144",NULL,NULL,NULL,"40"),
("46895","7","144",NULL,NULL,NULL,"40"),
("46896","8","144",NULL,NULL,NULL,"40"),
("46897","9","144",NULL,NULL,NULL,"40"),
("46898","10","144","1",NULL,"63","40"),
("46899","11","144","1",NULL,"63","40"),
("46900","12","144",NULL,NULL,NULL,"40"),
("46901","13","144",NULL,NULL,NULL,"40"),
("46902","14","144",NULL,NULL,NULL,"40"),
("46903","15","144","1",NULL,"63","40"),
("46904","16","144",NULL,NULL,NULL,"40"),
("46905","17","144",NULL,NULL,NULL,"40"),
("46906","18","144","1",NULL,"62","40"),
("46907","19","144",NULL,NULL,NULL,"40"),
("46908","20","144",NULL,NULL,NULL,"40"),
("46909","21","144",NULL,NULL,NULL,"40"),
("46910","22","144",NULL,NULL,NULL,"40"),
("46911","23","144",NULL,NULL,NULL,"40"),
("46912","24","144",NULL,NULL,NULL,"40"),
("46913","1","145",NULL,NULL,NULL,"40"),
("46914","2","145",NULL,NULL,NULL,"40"),
("46915","3","145",NULL,NULL,NULL,"40"),
("46916","4","145",NULL,NULL,NULL,"40"),
("46917","5","145",NULL,NULL,NULL,"40"),
("46918","6","145",NULL,NULL,NULL,"40"),
("46919","7","145","1",NULL,"62","40"),
("46920","8","145",NULL,NULL,NULL,"40"),
("46921","9","145",NULL,NULL,NULL,"40"),
("46922","10","145",NULL,NULL,NULL,"40"),
("46923","11","145",NULL,NULL,NULL,"40"),
("46924","12","145",NULL,NULL,NULL,"40"),
("46925","13","145",NULL,NULL,NULL,"40"),
("46926","14","145",NULL,NULL,NULL,"40"),
("46927","15","145",NULL,NULL,NULL,"40"),
("46928","16","145",NULL,NULL,NULL,"40"),
("46929","17","145",NULL,NULL,NULL,"40"),
("46930","18","145",NULL,NULL,NULL,"40"),
("46931","19","145",NULL,NULL,NULL,"40"),
("46932","20","145",NULL,NULL,NULL,"40"),
("46933","21","145",NULL,NULL,NULL,"40"),
("46934","22","145",NULL,NULL,NULL,"40"),
("46935","23","145","1",NULL,"62","40"),
("46936","24","145",NULL,NULL,NULL,"40"),
("46937","1","146",NULL,NULL,NULL,"40"),
("46938","2","146",NULL,NULL,NULL,"40"),
("46939","3","146","1",NULL,"62","40"),
("46940","4","146",NULL,NULL,NULL,"40"),
("46941","5","146",NULL,NULL,NULL,"40"),
("46942","6","146",NULL,NULL,NULL,"40"),
("46943","7","146",NULL,NULL,NULL,"40"),
("46944","8","146",NULL,NULL,NULL,"40"),
("46945","9","146",NULL,NULL,NULL,"40"),
("46946","10","146",NULL,NULL,NULL,"40"),
("46947","11","146",NULL,NULL,NULL,"40"),
("46948","12","146",NULL,NULL,NULL,"40"),
("46949","13","146","1",NULL,"62","40"),
("46950","14","146",NULL,NULL,NULL,"40"),
("46951","15","146",NULL,NULL,NULL,"40"),
("46952","16","146","1",NULL,"63","40"),
("46953","17","146",NULL,NULL,NULL,"40"),
("46954","18","146",NULL,NULL,NULL,"40"),
("46955","19","146","1",NULL,"62","40"),
("46956","20","146",NULL,NULL,NULL,"40"),
("46957","21","146",NULL,NULL,NULL,"40"),
("46958","22","146",NULL,NULL,NULL,"40"),
("46959","23","146",NULL,NULL,NULL,"40"),
("46960","24","146",NULL,NULL,NULL,"40"),
("46961","1","147",NULL,NULL,NULL,"40"),
("46962","2","147",NULL,NULL,NULL,"40"),
("46963","3","147",NULL,NULL,NULL,"40"),
("46964","4","147",NULL,NULL,NULL,"40"),
("46965","5","147","1",NULL,"63","40"),
("46966","6","147",NULL,NULL,NULL,"40"),
("46967","7","147",NULL,NULL,NULL,"40"),
("46968","8","147",NULL,NULL,NULL,"40"),
("46969","9","147",NULL,NULL,NULL,"40"),
("46970","10","147","1",NULL,"62","40"),
("46971","11","147",NULL,NULL,NULL,"40"),
("46972","12","147",NULL,NULL,NULL,"40"),
("46973","13","147","1",NULL,"63","40"),
("46974","14","147",NULL,NULL,NULL,"40"),
("46975","15","147",NULL,NULL,NULL,"40"),
("46976","16","147",NULL,NULL,NULL,"40"),
("46977","17","147",NULL,NULL,NULL,"40"),
("46978","18","147",NULL,NULL,NULL,"40"),
("46979","19","147",NULL,NULL,NULL,"40"),
("46980","20","147","1",NULL,"63","40"),
("46981","21","147",NULL,NULL,NULL,"40"),
("46982","22","147",NULL,NULL,NULL,"40"),
("46983","23","147",NULL,NULL,NULL,"40"),
("46984","24","147",NULL,NULL,NULL,"40"),
("46985","1","148",NULL,NULL,NULL,"40"),
("46986","2","148",NULL,NULL,NULL,"40"),
("46987","3","148",NULL,NULL,NULL,"40"),
("46988","4","148",NULL,NULL,NULL,"40"),
("46989","5","148",NULL,NULL,NULL,"40"),
("46990","6","148",NULL,NULL,NULL,"40"),
("46991","7","148",NULL,NULL,NULL,"40"),
("46992","8","148",NULL,NULL,NULL,"40"),
("46993","9","148",NULL,NULL,NULL,"40"),
("46994","10","148",NULL,NULL,NULL,"40"),
("46995","11","148","1",NULL,"62","40"),
("46996","12","148",NULL,NULL,NULL,"40"),
("46997","13","148",NULL,NULL,NULL,"40"),
("46998","14","148",NULL,NULL,NULL,"40"),
("46999","15","148",NULL,NULL,NULL,"40"),
("47000","16","148","1",NULL,"63","40"),
("47001","17","148",NULL,NULL,NULL,"40"),
("47002","18","148",NULL,NULL,NULL,"40"),
("47003","19","148",NULL,NULL,NULL,"40"),
("47004","20","148",NULL,NULL,NULL,"40"),
("47005","21","148",NULL,NULL,NULL,"40"),
("47006","22","148",NULL,NULL,NULL,"40"),
("47007","23","148",NULL,NULL,NULL,"40"),
("47008","24","148",NULL,NULL,NULL,"40"),
("47009","1","149",NULL,NULL,NULL,"40"),
("47010","2","149",NULL,NULL,NULL,"40"),
("47011","3","149",NULL,NULL,NULL,"40"),
("47012","4","149",NULL,NULL,NULL,"40"),
("47013","5","149",NULL,NULL,NULL,"40"),
("47014","6","149",NULL,NULL,NULL,"40"),
("47015","7","149",NULL,NULL,NULL,"40"),
("47016","8","149",NULL,NULL,NULL,"40"),
("47017","9","149",NULL,NULL,NULL,"40"),
("47018","10","149",NULL,NULL,NULL,"40"),
("47019","11","149",NULL,NULL,NULL,"40"),
("47020","12","149",NULL,NULL,NULL,"40"),
("47021","13","149",NULL,NULL,NULL,"40"),
("47022","14","149",NULL,NULL,NULL,"40"),
("47023","15","149",NULL,NULL,NULL,"40"),
("47024","16","149",NULL,NULL,NULL,"40"),
("47025","17","149",NULL,NULL,NULL,"40"),
("47026","18","149",NULL,NULL,NULL,"40"),
("47027","19","149",NULL,NULL,NULL,"40"),
("47028","20","149",NULL,NULL,NULL,"40"),
("47029","21","149",NULL,NULL,NULL,"40"),
("47030","22","149",NULL,NULL,NULL,"40"),
("47031","23","149",NULL,NULL,NULL,"40"),
("47032","24","149",NULL,NULL,NULL,"40"),
("47033","1","150",NULL,NULL,NULL,"40"),
("47034","2","150",NULL,NULL,NULL,"40"),
("47035","3","150",NULL,NULL,NULL,"40"),
("47036","4","150",NULL,NULL,NULL,"40"),
("47037","5","150",NULL,NULL,NULL,"40"),
("47038","6","150",NULL,NULL,NULL,"40"),
("47039","7","150",NULL,NULL,NULL,"40"),
("47040","8","150",NULL,NULL,NULL,"40"),
("47041","9","150",NULL,NULL,NULL,"40"),
("47042","10","150",NULL,NULL,NULL,"40"),
("47043","11","150",NULL,NULL,NULL,"40"),
("47044","12","150",NULL,NULL,NULL,"40"),
("47045","13","150",NULL,NULL,NULL,"40"),
("47046","14","150",NULL,NULL,NULL,"40"),
("47047","15","150",NULL,NULL,NULL,"40"),
("47048","16","150",NULL,NULL,NULL,"40"),
("47049","17","150",NULL,NULL,NULL,"40"),
("47050","18","150",NULL,NULL,NULL,"40"),
("47051","19","150",NULL,NULL,NULL,"40"),
("47052","20","150",NULL,NULL,NULL,"40"),
("47053","21","150",NULL,NULL,NULL,"40"),
("47054","22","150",NULL,NULL,NULL,"40"),
("47055","23","150",NULL,NULL,NULL,"40"),
("47056","24","150",NULL,NULL,NULL,"40"),
("47057","1","151",NULL,NULL,NULL,"41"),
("47058","2","151",NULL,NULL,NULL,"41"),
("47059","3","151",NULL,NULL,NULL,"41"),
("47060","4","151",NULL,NULL,NULL,"41"),
("47061","5","151",NULL,NULL,NULL,"41"),
("47062","6","151",NULL,NULL,NULL,"41"),
("47063","7","151",NULL,NULL,NULL,"41"),
("47064","8","151",NULL,NULL,NULL,"41"),
("47065","9","151",NULL,NULL,NULL,"41"),
("47066","10","151",NULL,NULL,NULL,"41"),
("47067","11","151",NULL,NULL,NULL,"41"),
("47068","12","151",NULL,NULL,NULL,"41"),
("47069","13","151",NULL,NULL,NULL,"41"),
("47070","14","151",NULL,NULL,NULL,"41"),
("47071","15","151",NULL,NULL,NULL,"41"),
("47072","16","151",NULL,NULL,NULL,"41"),
("47073","17","151",NULL,NULL,NULL,"41"),
("47074","18","151",NULL,NULL,NULL,"41"),
("47075","19","151",NULL,NULL,NULL,"41"),
("47076","20","151",NULL,NULL,NULL,"41"),
("47077","21","151",NULL,NULL,NULL,"41"),
("47078","22","151",NULL,NULL,NULL,"41"),
("47079","23","151",NULL,NULL,NULL,"41"),
("47080","24","151",NULL,NULL,NULL,"41"),
("47081","1","152",NULL,NULL,NULL,"41"),
("47082","2","152",NULL,NULL,NULL,"41"),
("47083","3","152",NULL,NULL,NULL,"41"),
("47084","4","152",NULL,NULL,NULL,"41"),
("47085","5","152",NULL,NULL,NULL,"41"),
("47086","6","152",NULL,NULL,NULL,"41"),
("47087","7","152",NULL,NULL,NULL,"41"),
("47088","8","152",NULL,NULL,NULL,"41"),
("47089","9","152",NULL,NULL,NULL,"41"),
("47090","10","152",NULL,NULL,NULL,"41"),
("47091","11","152",NULL,NULL,NULL,"41"),
("47092","12","152",NULL,NULL,NULL,"41"),
("47093","13","152",NULL,NULL,NULL,"41"),
("47094","14","152",NULL,NULL,NULL,"41"),
("47095","15","152",NULL,NULL,NULL,"41"),
("47096","16","152",NULL,NULL,NULL,"41"),
("47097","17","152",NULL,NULL,NULL,"41"),
("47098","18","152",NULL,NULL,NULL,"41"),
("47099","19","152",NULL,NULL,NULL,"41"),
("47100","20","152",NULL,NULL,NULL,"41"),
("47101","21","152",NULL,NULL,NULL,"41"),
("47102","22","152",NULL,NULL,NULL,"41"),
("47103","23","152",NULL,NULL,NULL,"41"),
("47104","24","152",NULL,NULL,NULL,"41"),
("47105","1","153",NULL,NULL,NULL,"41"),
("47106","2","153",NULL,NULL,NULL,"41"),
("47107","3","153",NULL,NULL,NULL,"41"),
("47108","4","153",NULL,NULL,NULL,"41"),
("47109","5","153",NULL,NULL,NULL,"41"),
("47110","6","153",NULL,NULL,NULL,"41"),
("47111","7","153",NULL,NULL,NULL,"41"),
("47112","8","153",NULL,NULL,NULL,"41"),
("47113","9","153",NULL,NULL,NULL,"41"),
("47114","10","153",NULL,NULL,NULL,"41"),
("47115","11","153",NULL,NULL,NULL,"41"),
("47116","12","153",NULL,NULL,NULL,"41"),
("47117","13","153",NULL,NULL,NULL,"41"),
("47118","14","153",NULL,NULL,NULL,"41"),
("47119","15","153",NULL,NULL,NULL,"41"),
("47120","16","153",NULL,NULL,NULL,"41"),
("47121","17","153",NULL,NULL,NULL,"41"),
("47122","18","153",NULL,NULL,NULL,"41"),
("47123","19","153",NULL,NULL,NULL,"41"),
("47124","20","153",NULL,NULL,NULL,"41"),
("47125","21","153",NULL,NULL,NULL,"41"),
("47126","22","153",NULL,NULL,NULL,"41"),
("47127","23","153",NULL,NULL,NULL,"41"),
("47128","24","153",NULL,NULL,NULL,"41"),
("47129","1","154",NULL,NULL,NULL,"41"),
("47130","2","154",NULL,NULL,NULL,"41"),
("47131","3","154",NULL,NULL,NULL,"41"),
("47132","4","154",NULL,NULL,NULL,"41"),
("47133","5","154",NULL,NULL,NULL,"41"),
("47134","6","154",NULL,NULL,NULL,"41"),
("47135","7","154",NULL,NULL,NULL,"41"),
("47136","8","154",NULL,NULL,NULL,"41"),
("47137","9","154",NULL,NULL,NULL,"41"),
("47138","10","154",NULL,NULL,NULL,"41"),
("47139","11","154",NULL,NULL,NULL,"41"),
("47140","12","154",NULL,NULL,NULL,"41"),
("47141","13","154",NULL,NULL,NULL,"41"),
("47142","14","154",NULL,NULL,NULL,"41"),
("47143","15","154",NULL,NULL,NULL,"41"),
("47144","16","154",NULL,NULL,NULL,"41"),
("47145","17","154",NULL,NULL,NULL,"41"),
("47146","18","154",NULL,NULL,NULL,"41"),
("47147","19","154",NULL,NULL,NULL,"41"),
("47148","20","154",NULL,NULL,NULL,"41"),
("47149","21","154",NULL,NULL,NULL,"41"),
("47150","22","154",NULL,NULL,NULL,"41"),
("47151","23","154",NULL,NULL,NULL,"41"),
("47152","24","154",NULL,NULL,NULL,"41"),
("47153","1","155","1",NULL,"66","42"),
("47154","2","155","1",NULL,"66","42"),
("47155","3","155",NULL,NULL,NULL,"42"),
("47156","4","155",NULL,NULL,NULL,"42"),
("47157","5","155",NULL,NULL,NULL,"42"),
("47158","6","155",NULL,NULL,NULL,"42"),
("47159","7","155",NULL,NULL,NULL,"42"),
("47160","8","155",NULL,NULL,NULL,"42"),
("47161","9","155",NULL,NULL,NULL,"42"),
("47162","10","155",NULL,NULL,NULL,"42"),
("47163","11","155",NULL,NULL,NULL,"42"),
("47164","12","155",NULL,NULL,NULL,"42"),
("47165","13","155",NULL,NULL,NULL,"42"),
("47166","14","155",NULL,NULL,NULL,"42"),
("47167","15","155","1",NULL,"66","42"),
("47168","16","155",NULL,NULL,NULL,"42"),
("47169","17","155","1",NULL,"66","42"),
("47170","18","155",NULL,NULL,NULL,"42"),
("47171","19","155",NULL,NULL,NULL,"42"),
("47172","20","155",NULL,NULL,NULL,"42"),
("47173","21","155",NULL,NULL,NULL,"42"),
("47174","22","155",NULL,NULL,NULL,"42"),
("47175","23","155",NULL,NULL,NULL,"42"),
("47176","24","155",NULL,NULL,NULL,"42"),
("47177","1","156",NULL,NULL,NULL,"42"),
("47178","2","156",NULL,NULL,NULL,"42"),
("47179","3","156",NULL,NULL,NULL,"42"),
("47180","4","156",NULL,NULL,NULL,"42"),
("47181","5","156",NULL,NULL,NULL,"42"),
("47182","6","156",NULL,NULL,NULL,"42"),
("47183","7","156",NULL,NULL,NULL,"42"),
("47184","8","156",NULL,NULL,NULL,"42"),
("47185","9","156",NULL,NULL,NULL,"42"),
("47186","10","156",NULL,NULL,NULL,"42"),
("47187","11","156",NULL,NULL,NULL,"42"),
("47188","12","156",NULL,NULL,NULL,"42"),
("47189","13","156",NULL,NULL,NULL,"42"),
("47190","14","156",NULL,NULL,NULL,"42"),
("47191","15","156","1",NULL,"66","42"),
("47192","16","156",NULL,NULL,NULL,"42"),
("47193","17","156","1",NULL,"66","42"),
("47194","18","156",NULL,NULL,NULL,"42"),
("47195","19","156",NULL,NULL,NULL,"42"),
("47196","20","156",NULL,NULL,NULL,"42"),
("47197","21","156",NULL,NULL,NULL,"42"),
("47198","22","156",NULL,NULL,NULL,"42"),
("47199","23","156",NULL,NULL,NULL,"42"),
("47200","24","156",NULL,NULL,NULL,"42"),
("47201","1","157",NULL,NULL,NULL,"42"),
("47202","2","157",NULL,NULL,NULL,"42"),
("47203","3","157","1",NULL,"66","42"),
("47204","4","157",NULL,NULL,NULL,"42"),
("47205","5","157","1",NULL,"66","42"),
("47206","6","157",NULL,NULL,NULL,"42"),
("47207","7","157",NULL,NULL,NULL,"42"),
("47208","8","157",NULL,NULL,NULL,"42"),
("47209","9","157","1",NULL,"69","42"),
("47210","10","157",NULL,NULL,NULL,"42"),
("47211","11","157","1",NULL,"66","42"),
("47212","12","157","1",NULL,"66","42"),
("47213","13","157","1",NULL,"66","42"),
("47214","14","157",NULL,NULL,NULL,"42"),
("47215","15","157","1",NULL,"66","42"),
("47216","16","157",NULL,NULL,NULL,"42"),
("47217","17","157",NULL,NULL,NULL,"42"),
("47218","18","157","1",NULL,"66","42"),
("47219","19","157","1",NULL,"66","42"),
("47220","20","157",NULL,NULL,NULL,"42"),
("47221","21","157",NULL,NULL,NULL,"42"),
("47222","22","157",NULL,NULL,NULL,"42"),
("47223","23","157",NULL,NULL,NULL,"42"),
("47224","24","157",NULL,NULL,NULL,"42"),
("47225","1","158",NULL,NULL,NULL,"42"),
("47226","2","158",NULL,NULL,NULL,"42"),
("47227","3","158",NULL,NULL,NULL,"42"),
("47228","4","158",NULL,NULL,NULL,"42"),
("47229","5","158",NULL,NULL,NULL,"42"),
("47230","6","158",NULL,NULL,NULL,"42"),
("47231","7","158",NULL,NULL,NULL,"42"),
("47232","8","158",NULL,NULL,NULL,"42"),
("47233","9","158",NULL,NULL,NULL,"42"),
("47234","10","158",NULL,NULL,NULL,"42"),
("47235","11","158",NULL,NULL,NULL,"42"),
("47236","12","158",NULL,NULL,NULL,"42"),
("47237","13","158",NULL,NULL,NULL,"42"),
("47238","14","158",NULL,NULL,NULL,"42"),
("47239","15","158",NULL,NULL,NULL,"42"),
("47240","16","158",NULL,NULL,NULL,"42"),
("47241","17","158",NULL,NULL,NULL,"42"),
("47242","18","158",NULL,NULL,NULL,"42"),
("47243","19","158",NULL,NULL,NULL,"42"),
("47244","20","158","1",NULL,"66","42"),
("47245","21","158",NULL,NULL,NULL,"42"),
("47246","22","158",NULL,NULL,NULL,"42"),
("47247","23","158",NULL,NULL,NULL,"42"),
("47248","24","158",NULL,NULL,NULL,"42"),
("47249","1","159",NULL,NULL,NULL,"42"),
("47250","2","159",NULL,NULL,NULL,"42"),
("47251","3","159",NULL,NULL,NULL,"42"),
("47252","4","159",NULL,NULL,NULL,"42"),
("47253","5","159",NULL,NULL,NULL,"42"),
("47254","6","159",NULL,NULL,NULL,"42"),
("47255","7","159",NULL,NULL,NULL,"42"),
("47256","8","159",NULL,NULL,NULL,"42"),
("47257","9","159",NULL,NULL,NULL,"42"),
("47258","10","159",NULL,NULL,NULL,"42"),
("47259","11","159",NULL,NULL,NULL,"42"),
("47260","12","159",NULL,NULL,NULL,"42"),
("47261","13","159",NULL,NULL,NULL,"42"),
("47262","14","159",NULL,NULL,NULL,"42"),
("47263","15","159",NULL,NULL,NULL,"42"),
("47264","16","159",NULL,NULL,NULL,"42"),
("47265","17","159",NULL,NULL,NULL,"42"),
("47266","18","159","1",NULL,"69","42"),
("47267","19","159",NULL,NULL,NULL,"42"),
("47268","20","159",NULL,NULL,NULL,"42"),
("47269","21","159",NULL,NULL,NULL,"42"),
("47270","22","159",NULL,NULL,NULL,"42"),
("47271","23","159",NULL,NULL,NULL,"42"),
("47272","24","159",NULL,NULL,NULL,"42"),
("47273","1","160",NULL,NULL,NULL,"42"),
("47274","2","160",NULL,NULL,NULL,"42"),
("47275","3","160",NULL,NULL,NULL,"42"),
("47276","4","160",NULL,NULL,NULL,"42"),
("47277","5","160",NULL,NULL,NULL,"42"),
("47278","6","160",NULL,NULL,NULL,"42"),
("47279","7","160",NULL,NULL,NULL,"42"),
("47280","8","160",NULL,NULL,NULL,"42"),
("47281","9","160",NULL,NULL,NULL,"42"),
("47282","10","160",NULL,NULL,NULL,"42"),
("47283","11","160","1",NULL,"66","42"),
("47284","12","160",NULL,NULL,NULL,"42"),
("47285","13","160",NULL,NULL,NULL,"42"),
("47286","14","160",NULL,NULL,NULL,"42"),
("47287","15","160",NULL,NULL,NULL,"42"),
("47288","16","160",NULL,NULL,NULL,"42"),
("47289","17","160",NULL,NULL,NULL,"42"),
("47290","18","160",NULL,NULL,NULL,"42"),
("47291","19","160",NULL,NULL,NULL,"42"),
("47292","20","160",NULL,NULL,NULL,"42"),
("47293","21","160",NULL,NULL,NULL,"42"),
("47294","22","160",NULL,NULL,NULL,"42"),
("47295","23","160",NULL,NULL,NULL,"42"),
("47296","24","160",NULL,NULL,NULL,"42"),
("47297","1","161",NULL,NULL,NULL,"42"),
("47298","2","161","1",NULL,"69","42"),
("47299","3","161",NULL,NULL,NULL,"42"),
("47300","4","161",NULL,NULL,NULL,"42"),
("47301","5","161",NULL,NULL,NULL,"42"),
("47302","6","161","1",NULL,"66","42"),
("47303","7","161",NULL,NULL,NULL,"42"),
("47304","8","161",NULL,NULL,NULL,"42"),
("47305","9","161",NULL,NULL,NULL,"42"),
("47306","10","161",NULL,NULL,NULL,"42"),
("47307","11","161",NULL,NULL,NULL,"42"),
("47308","12","161",NULL,NULL,NULL,"42"),
("47309","13","161",NULL,NULL,NULL,"42"),
("47310","14","161",NULL,NULL,NULL,"42"),
("47311","15","161",NULL,NULL,NULL,"42"),
("47312","16","161","1",NULL,"66","42"),
("47313","17","161",NULL,NULL,NULL,"42"),
("47314","18","161",NULL,NULL,NULL,"42"),
("47315","19","161",NULL,NULL,NULL,"42"),
("47316","20","161",NULL,NULL,NULL,"42"),
("47317","21","161",NULL,NULL,NULL,"42"),
("47318","22","161",NULL,NULL,NULL,"42"),
("47319","23","161",NULL,NULL,NULL,"42"),
("47320","24","161",NULL,NULL,NULL,"42"),
("47345","1","163",NULL,NULL,NULL,"42"),
("47346","2","163","1",NULL,"69","42"),
("47347","3","163",NULL,NULL,NULL,"42"),
("47348","4","163",NULL,NULL,NULL,"42"),
("47349","5","163",NULL,NULL,NULL,"42"),
("47350","6","163",NULL,NULL,NULL,"42"),
("47351","7","163",NULL,NULL,NULL,"42"),
("47352","8","163",NULL,NULL,NULL,"42"),
("47353","9","163",NULL,NULL,NULL,"42"),
("47354","10","163",NULL,NULL,NULL,"42"),
("47355","11","163",NULL,NULL,NULL,"42"),
("47356","12","163",NULL,NULL,NULL,"42"),
("47357","13","163",NULL,NULL,NULL,"42"),
("47358","14","163",NULL,NULL,NULL,"42"),
("47359","15","163","1",NULL,"66","42"),
("47360","16","163",NULL,NULL,NULL,"42"),
("47361","17","163",NULL,NULL,NULL,"42"),
("47362","18","163",NULL,NULL,NULL,"42"),
("47363","19","163",NULL,NULL,NULL,"42"),
("47364","20","163","1",NULL,"69","42"),
("47365","21","163",NULL,NULL,NULL,"42"),
("47366","22","163",NULL,NULL,NULL,"42"),
("47367","23","163","1",NULL,"66","42"),
("47368","24","163",NULL,NULL,NULL,"42"),
("47369","1","164",NULL,NULL,NULL,"43"),
("47370","2","164",NULL,NULL,NULL,"43"),
("47371","3","164",NULL,NULL,NULL,"43"),
("47372","4","164",NULL,NULL,NULL,"43"),
("47373","5","164","1",NULL,"79","43"),
("47374","6","164",NULL,NULL,NULL,"43"),
("47375","7","164",NULL,NULL,NULL,"43"),
("47376","8","164",NULL,NULL,NULL,"43"),
("47377","9","164",NULL,NULL,NULL,"43"),
("47378","10","164",NULL,NULL,NULL,"43"),
("47379","11","164",NULL,NULL,NULL,"43"),
("47380","12","164",NULL,NULL,NULL,"43"),
("47381","13","164",NULL,NULL,NULL,"43"),
("47382","14","164",NULL,NULL,NULL,"43"),
("47383","15","164",NULL,NULL,NULL,"43"),
("47384","16","164",NULL,NULL,NULL,"43"),
("47385","17","164",NULL,NULL,NULL,"43"),
("47386","18","164",NULL,NULL,NULL,"43"),
("47387","19","164","1",NULL,"79","43"),
("47388","20","164",NULL,NULL,NULL,"43"),
("47389","21","164",NULL,NULL,NULL,"43"),
("47390","22","164",NULL,NULL,NULL,"43"),
("47391","23","164",NULL,NULL,NULL,"43"),
("47392","24","164",NULL,NULL,NULL,"43"),
("47393","1","165",NULL,NULL,NULL,"43"),
("47394","2","165",NULL,NULL,NULL,"43"),
("47395","3","165",NULL,NULL,NULL,"43"),
("47396","4","165",NULL,NULL,NULL,"43"),
("47397","5","165",NULL,NULL,NULL,"43"),
("47398","6","165",NULL,NULL,NULL,"43"),
("47399","7","165","1",NULL,"79","43"),
("47400","8","165",NULL,NULL,NULL,"43"),
("47401","9","165",NULL,NULL,NULL,"43"),
("47402","10","165",NULL,NULL,NULL,"43"),
("47403","11","165",NULL,NULL,NULL,"43"),
("47404","12","165",NULL,NULL,NULL,"43"),
("47405","13","165",NULL,NULL,NULL,"43"),
("47406","14","165",NULL,NULL,NULL,"43"),
("47407","15","165",NULL,NULL,NULL,"43"),
("47408","16","165",NULL,NULL,NULL,"43"),
("47409","17","165",NULL,NULL,NULL,"43"),
("47410","18","165",NULL,NULL,NULL,"43"),
("47411","19","165",NULL,NULL,NULL,"43"),
("47412","20","165",NULL,NULL,NULL,"43"),
("47413","21","165","1",NULL,"79","43"),
("47414","22","165",NULL,NULL,NULL,"43"),
("47415","23","165","1",NULL,"79","43"),
("47416","24","165",NULL,NULL,NULL,"43"),
("47417","1","166",NULL,NULL,NULL,"43"),
("47418","2","166",NULL,NULL,NULL,"43"),
("47419","3","166",NULL,NULL,NULL,"43"),
("47420","4","166",NULL,NULL,NULL,"43"),
("47421","5","166",NULL,NULL,NULL,"43"),
("47422","6","166",NULL,NULL,NULL,"43"),
("47423","7","166","1",NULL,"79","43"),
("47424","8","166",NULL,NULL,NULL,"43"),
("47425","9","166",NULL,NULL,NULL,"43"),
("47426","10","166",NULL,NULL,NULL,"43"),
("47427","11","166",NULL,NULL,NULL,"43"),
("47428","12","166",NULL,NULL,NULL,"43"),
("47429","13","166",NULL,NULL,NULL,"43"),
("47430","14","166",NULL,NULL,NULL,"43"),
("47431","15","166",NULL,NULL,NULL,"43"),
("47432","16","166",NULL,NULL,NULL,"43"),
("47433","17","166",NULL,NULL,NULL,"43"),
("47434","18","166",NULL,NULL,NULL,"43"),
("47435","19","166",NULL,NULL,NULL,"43"),
("47436","20","166",NULL,NULL,NULL,"43"),
("47437","21","166",NULL,NULL,NULL,"43"),
("47438","22","166",NULL,NULL,NULL,"43"),
("47439","23","166",NULL,NULL,NULL,"43"),
("47440","24","166",NULL,NULL,NULL,"43"),
("47441","1","167",NULL,NULL,NULL,"43"),
("47442","2","167",NULL,NULL,NULL,"43"),
("47443","3","167",NULL,NULL,NULL,"43"),
("47444","4","167",NULL,NULL,NULL,"43"),
("47445","5","167","1",NULL,"79","43"),
("47446","6","167",NULL,NULL,NULL,"43"),
("47447","7","167","1",NULL,"79","43"),
("47448","8","167",NULL,NULL,NULL,"43"),
("47449","9","167",NULL,NULL,NULL,"43"),
("47450","10","167",NULL,NULL,NULL,"43"),
("47451","11","167",NULL,NULL,NULL,"43"),
("47452","12","167",NULL,NULL,NULL,"43"),
("47453","13","167","1",NULL,"79","43"),
("47454","14","167",NULL,NULL,NULL,"43"),
("47455","15","167",NULL,NULL,NULL,"43"),
("47456","16","167",NULL,NULL,NULL,"43"),
("47457","17","167",NULL,NULL,NULL,"43"),
("47458","18","167",NULL,NULL,NULL,"43"),
("47459","19","167",NULL,NULL,NULL,"43"),
("47460","20","167",NULL,NULL,NULL,"43"),
("47461","21","167","1",NULL,"79","43"),
("47462","22","167",NULL,NULL,NULL,"43"),
("47463","23","167",NULL,NULL,NULL,"43"),
("47464","24","167",NULL,NULL,NULL,"43"),
("47465","1","168","1",NULL,"79","43"),
("47466","2","168",NULL,NULL,NULL,"43"),
("47467","3","168",NULL,NULL,NULL,"43"),
("47468","4","168",NULL,NULL,NULL,"43"),
("47469","5","168",NULL,NULL,NULL,"43"),
("47470","6","168",NULL,NULL,NULL,"43"),
("47471","7","168",NULL,NULL,NULL,"43"),
("47472","8","168",NULL,NULL,NULL,"43"),
("47473","9","168",NULL,NULL,NULL,"43"),
("47474","10","168",NULL,NULL,NULL,"43"),
("47475","11","168",NULL,NULL,NULL,"43"),
("47476","12","168",NULL,NULL,NULL,"43"),
("47477","13","168","1",NULL,"79","43"),
("47478","14","168",NULL,NULL,NULL,"43"),
("47479","15","168",NULL,NULL,NULL,"43"),
("47480","16","168",NULL,NULL,NULL,"43"),
("47481","17","168",NULL,NULL,NULL,"43"),
("47482","18","168",NULL,NULL,NULL,"43"),
("47483","19","168",NULL,NULL,NULL,"43"),
("47484","20","168",NULL,NULL,NULL,"43"),
("47485","21","168",NULL,NULL,NULL,"43"),
("47486","22","168",NULL,NULL,NULL,"43"),
("47487","23","168",NULL,NULL,NULL,"43"),
("47488","24","168",NULL,NULL,NULL,"43"),
("47489","1","169",NULL,NULL,NULL,"42"),
("47490","2","169",NULL,NULL,NULL,"42"),
("47491","3","169",NULL,NULL,NULL,"42"),
("47492","4","169",NULL,NULL,NULL,"42"),
("47493","5","169",NULL,NULL,NULL,"42"),
("47494","6","169","1",NULL,"66","42"),
("47495","7","169",NULL,NULL,NULL,"42"),
("47496","8","169",NULL,NULL,NULL,"42"),
("47497","9","169",NULL,NULL,NULL,"42"),
("47498","10","169",NULL,NULL,NULL,"42"),
("47499","11","169",NULL,NULL,NULL,"42"),
("47500","12","169",NULL,NULL,NULL,"42"),
("47501","13","169",NULL,NULL,NULL,"42"),
("47502","14","169",NULL,NULL,NULL,"42"),
("47503","15","169",NULL,NULL,NULL,"42"),
("47504","16","169",NULL,NULL,NULL,"42"),
("47505","17","169",NULL,NULL,NULL,"42"),
("47506","18","169",NULL,NULL,NULL,"42"),
("47507","19","169",NULL,NULL,NULL,"42"),
("47508","20","169",NULL,NULL,NULL,"42"),
("47509","21","169",NULL,NULL,NULL,"42"),
("47510","22","169",NULL,NULL,NULL,"42"),
("47511","23","169",NULL,NULL,NULL,"42"),
("47512","24","169",NULL,NULL,NULL,"42"),
("47513","1","170",NULL,NULL,NULL,"43"),
("47514","2","170",NULL,NULL,NULL,"43"),
("47515","3","170",NULL,NULL,NULL,"43"),
("47516","4","170",NULL,NULL,NULL,"43"),
("47517","5","170","1",NULL,"79","43"),
("47518","6","170",NULL,NULL,NULL,"43"),
("47519","7","170",NULL,NULL,NULL,"43"),
("47520","8","170",NULL,NULL,NULL,"43"),
("47521","9","170",NULL,NULL,NULL,"43"),
("47522","10","170",NULL,NULL,NULL,"43"),
("47523","11","170",NULL,NULL,NULL,"43"),
("47524","12","170",NULL,NULL,NULL,"43"),
("47525","13","170","1",NULL,"79","43"),
("47526","14","170",NULL,NULL,NULL,"43"),
("47527","15","170",NULL,NULL,NULL,"43"),
("47528","16","170",NULL,NULL,NULL,"43"),
("47529","17","170",NULL,NULL,NULL,"43"),
("47530","18","170",NULL,NULL,NULL,"43"),
("47531","19","170",NULL,NULL,NULL,"43"),
("47532","20","170",NULL,NULL,NULL,"43"),
("47533","21","170","1",NULL,"79","43"),
("47534","22","170",NULL,NULL,NULL,"43"),
("47535","23","170",NULL,NULL,NULL,"43"),
("47536","24","170",NULL,NULL,NULL,"43"),
("47537","1","171",NULL,NULL,NULL,"43"),
("47538","2","171",NULL,NULL,NULL,"43"),
("47539","3","171",NULL,NULL,NULL,"43"),
("47540","4","171",NULL,NULL,NULL,"43"),
("47541","5","171",NULL,NULL,NULL,"43"),
("47542","6","171",NULL,NULL,NULL,"43"),
("47543","7","171",NULL,NULL,NULL,"43"),
("47544","8","171",NULL,NULL,NULL,"43"),
("47545","9","171",NULL,NULL,NULL,"43"),
("47546","10","171",NULL,NULL,NULL,"43"),
("47547","11","171",NULL,NULL,NULL,"43"),
("47548","12","171",NULL,NULL,NULL,"43"),
("47549","13","171",NULL,NULL,NULL,"43"),
("47550","14","171",NULL,NULL,NULL,"43"),
("47551","15","171",NULL,NULL,NULL,"43"),
("47552","16","171",NULL,NULL,NULL,"43"),
("47553","17","171",NULL,NULL,NULL,"43"),
("47554","18","171",NULL,NULL,NULL,"43"),
("47555","19","171",NULL,NULL,NULL,"43"),
("47556","20","171",NULL,NULL,NULL,"43"),
("47557","21","171",NULL,NULL,NULL,"43"),
("47558","22","171",NULL,NULL,NULL,"43"),
("47559","23","171",NULL,NULL,NULL,"43"),
("47560","24","171",NULL,NULL,NULL,"43"),
("47561","1","172",NULL,NULL,NULL,"44"),
("47562","2","172",NULL,NULL,NULL,"44"),
("47563","3","172",NULL,NULL,NULL,"44"),
("47564","4","172",NULL,NULL,NULL,"44"),
("47565","5","172",NULL,NULL,NULL,"44"),
("47566","6","172",NULL,NULL,NULL,"44"),
("47567","7","172",NULL,NULL,NULL,"44"),
("47568","8","172",NULL,NULL,NULL,"44"),
("47569","9","172",NULL,NULL,NULL,"44"),
("47570","10","172",NULL,NULL,NULL,"44"),
("47571","11","172",NULL,NULL,NULL,"44"),
("47572","12","172",NULL,NULL,NULL,"44"),
("47573","13","172",NULL,NULL,NULL,"44"),
("47574","14","172",NULL,NULL,NULL,"44"),
("47575","15","172",NULL,NULL,NULL,"44"),
("47576","16","172",NULL,NULL,NULL,"44"),
("47577","17","172",NULL,NULL,NULL,"44"),
("47578","18","172",NULL,NULL,NULL,"44"),
("47579","19","172",NULL,NULL,NULL,"44"),
("47580","20","172",NULL,NULL,NULL,"44"),
("47581","21","172",NULL,NULL,NULL,"44"),
("47582","22","172",NULL,NULL,NULL,"44"),
("47583","23","172",NULL,NULL,NULL,"44"),
("47584","24","172",NULL,NULL,NULL,"44"),
("47585","1","173",NULL,NULL,NULL,"44"),
("47586","2","173",NULL,NULL,NULL,"44"),
("47587","3","173",NULL,NULL,NULL,"44"),
("47588","4","173",NULL,NULL,NULL,"44"),
("47589","5","173",NULL,NULL,NULL,"44"),
("47590","6","173",NULL,NULL,NULL,"44"),
("47591","7","173",NULL,NULL,NULL,"44"),
("47592","8","173",NULL,NULL,NULL,"44"),
("47593","9","173",NULL,NULL,NULL,"44"),
("47594","10","173",NULL,NULL,NULL,"44"),
("47595","11","173",NULL,NULL,NULL,"44"),
("47596","12","173",NULL,NULL,NULL,"44"),
("47597","13","173",NULL,NULL,NULL,"44"),
("47598","14","173",NULL,NULL,NULL,"44"),
("47599","15","173",NULL,NULL,NULL,"44"),
("47600","16","173",NULL,NULL,NULL,"44"),
("47601","17","173",NULL,NULL,NULL,"44"),
("47602","18","173",NULL,NULL,NULL,"44"),
("47603","19","173",NULL,NULL,NULL,"44"),
("47604","20","173",NULL,NULL,NULL,"44"),
("47605","21","173",NULL,NULL,NULL,"44"),
("47606","22","173",NULL,NULL,NULL,"44"),
("47607","23","173",NULL,NULL,NULL,"44"),
("47608","24","173",NULL,NULL,NULL,"44"),
("47609","1","174",NULL,NULL,NULL,"44"),
("47610","2","174",NULL,NULL,NULL,"44"),
("47611","3","174",NULL,NULL,NULL,"44"),
("47612","4","174",NULL,NULL,NULL,"44"),
("47613","5","174",NULL,NULL,NULL,"44"),
("47614","6","174",NULL,NULL,NULL,"44"),
("47615","7","174",NULL,NULL,NULL,"44"),
("47616","8","174",NULL,NULL,NULL,"44"),
("47617","9","174",NULL,NULL,NULL,"44"),
("47618","10","174",NULL,NULL,NULL,"44"),
("47619","11","174",NULL,NULL,NULL,"44"),
("47620","12","174",NULL,NULL,NULL,"44"),
("47621","13","174",NULL,NULL,NULL,"44"),
("47622","14","174",NULL,NULL,NULL,"44"),
("47623","15","174",NULL,NULL,NULL,"44"),
("47624","16","174",NULL,NULL,NULL,"44"),
("47625","17","174",NULL,NULL,NULL,"44"),
("47626","18","174",NULL,NULL,NULL,"44"),
("47627","19","174",NULL,NULL,NULL,"44"),
("47628","20","174",NULL,NULL,NULL,"44"),
("47629","21","174",NULL,NULL,NULL,"44"),
("47630","22","174",NULL,NULL,NULL,"44"),
("47631","23","174",NULL,NULL,NULL,"44"),
("47632","24","174",NULL,NULL,NULL,"44"),
("47633","1","175",NULL,NULL,NULL,"44"),
("47634","2","175",NULL,NULL,NULL,"44"),
("47635","3","175",NULL,NULL,NULL,"44"),
("47636","4","175",NULL,NULL,NULL,"44"),
("47637","5","175",NULL,NULL,NULL,"44"),
("47638","6","175",NULL,NULL,NULL,"44"),
("47639","7","175",NULL,NULL,NULL,"44"),
("47640","8","175",NULL,NULL,NULL,"44"),
("47641","9","175",NULL,NULL,NULL,"44"),
("47642","10","175",NULL,NULL,NULL,"44"),
("47643","11","175",NULL,NULL,NULL,"44"),
("47644","12","175",NULL,NULL,NULL,"44"),
("47645","13","175",NULL,NULL,NULL,"44"),
("47646","14","175",NULL,NULL,NULL,"44"),
("47647","15","175",NULL,NULL,NULL,"44"),
("47648","16","175",NULL,NULL,NULL,"44"),
("47649","17","175",NULL,NULL,NULL,"44"),
("47650","18","175",NULL,NULL,NULL,"44"),
("47651","19","175",NULL,NULL,NULL,"44"),
("47652","20","175",NULL,NULL,NULL,"44"),
("47653","21","175",NULL,NULL,NULL,"44"),
("47654","22","175",NULL,NULL,NULL,"44"),
("47655","23","175",NULL,NULL,NULL,"44"),
("47656","24","175",NULL,NULL,NULL,"44"),
("47657","1","176",NULL,NULL,NULL,"44"),
("47658","2","176",NULL,NULL,NULL,"44"),
("47659","3","176",NULL,NULL,NULL,"44"),
("47660","4","176",NULL,NULL,NULL,"44"),
("47661","5","176",NULL,NULL,NULL,"44"),
("47662","6","176",NULL,NULL,NULL,"44"),
("47663","7","176",NULL,NULL,NULL,"44"),
("47664","8","176",NULL,NULL,NULL,"44"),
("47665","9","176",NULL,NULL,NULL,"44"),
("47666","10","176",NULL,NULL,NULL,"44"),
("47667","11","176",NULL,NULL,NULL,"44"),
("47668","12","176",NULL,NULL,NULL,"44"),
("47669","13","176",NULL,NULL,NULL,"44"),
("47670","14","176",NULL,NULL,NULL,"44"),
("47671","15","176",NULL,NULL,NULL,"44"),
("47672","16","176",NULL,NULL,NULL,"44"),
("47673","17","176",NULL,NULL,NULL,"44"),
("47674","18","176",NULL,NULL,NULL,"44"),
("47675","19","176",NULL,NULL,NULL,"44"),
("47676","20","176",NULL,NULL,NULL,"44"),
("47677","21","176",NULL,NULL,NULL,"44"),
("47678","22","176",NULL,NULL,NULL,"44"),
("47679","23","176",NULL,NULL,NULL,"44"),
("47680","24","176",NULL,NULL,NULL,"44"),
("47681","1","177",NULL,NULL,NULL,"44"),
("47682","2","177",NULL,NULL,NULL,"44"),
("47683","3","177",NULL,NULL,NULL,"44"),
("47684","4","177",NULL,NULL,NULL,"44"),
("47685","5","177",NULL,NULL,NULL,"44"),
("47686","6","177",NULL,NULL,NULL,"44"),
("47687","7","177",NULL,NULL,NULL,"44"),
("47688","8","177",NULL,NULL,NULL,"44"),
("47689","9","177",NULL,NULL,NULL,"44"),
("47690","10","177",NULL,NULL,NULL,"44"),
("47691","11","177",NULL,NULL,NULL,"44"),
("47692","12","177",NULL,NULL,NULL,"44"),
("47693","13","177",NULL,NULL,NULL,"44"),
("47694","14","177",NULL,NULL,NULL,"44"),
("47695","15","177",NULL,NULL,NULL,"44"),
("47696","16","177",NULL,NULL,NULL,"44"),
("47697","17","177",NULL,NULL,NULL,"44"),
("47698","18","177",NULL,NULL,NULL,"44"),
("47699","19","177",NULL,NULL,NULL,"44"),
("47700","20","177",NULL,NULL,NULL,"44"),
("47701","21","177",NULL,NULL,NULL,"44"),
("47702","22","177",NULL,NULL,NULL,"44"),
("47703","23","177",NULL,NULL,NULL,"44"),
("47704","24","177",NULL,NULL,NULL,"44"),
("47705","1","178",NULL,NULL,NULL,"44"),
("47706","2","178",NULL,NULL,NULL,"44"),
("47707","3","178",NULL,NULL,NULL,"44"),
("47708","4","178",NULL,NULL,NULL,"44"),
("47709","5","178",NULL,NULL,NULL,"44"),
("47710","6","178",NULL,NULL,NULL,"44"),
("47711","7","178",NULL,NULL,NULL,"44"),
("47712","8","178",NULL,NULL,NULL,"44"),
("47713","9","178",NULL,NULL,NULL,"44"),
("47714","10","178",NULL,NULL,NULL,"44"),
("47715","11","178",NULL,NULL,NULL,"44"),
("47716","12","178",NULL,NULL,NULL,"44"),
("47717","13","178",NULL,NULL,NULL,"44"),
("47718","14","178",NULL,NULL,NULL,"44"),
("47719","15","178",NULL,NULL,NULL,"44"),
("47720","16","178",NULL,NULL,NULL,"44"),
("47721","17","178",NULL,NULL,NULL,"44"),
("47722","18","178",NULL,NULL,NULL,"44"),
("47723","19","178",NULL,NULL,NULL,"44"),
("47724","20","178",NULL,NULL,NULL,"44"),
("47725","21","178",NULL,NULL,NULL,"44"),
("47726","22","178",NULL,NULL,NULL,"44"),
("47727","23","178",NULL,NULL,NULL,"44"),
("47728","24","178",NULL,NULL,NULL,"44"),
("47729","1","179",NULL,NULL,NULL,"44"),
("47730","2","179",NULL,NULL,NULL,"44"),
("47731","3","179",NULL,NULL,NULL,"44"),
("47732","4","179",NULL,NULL,NULL,"44"),
("47733","5","179",NULL,NULL,NULL,"44"),
("47734","6","179",NULL,NULL,NULL,"44"),
("47735","7","179",NULL,NULL,NULL,"44"),
("47736","8","179",NULL,NULL,NULL,"44"),
("47737","9","179",NULL,NULL,NULL,"44"),
("47738","10","179",NULL,NULL,NULL,"44"),
("47739","11","179",NULL,NULL,NULL,"44"),
("47740","12","179",NULL,NULL,NULL,"44"),
("47741","13","179",NULL,NULL,NULL,"44"),
("47742","14","179",NULL,NULL,NULL,"44"),
("47743","15","179",NULL,NULL,NULL,"44"),
("47744","16","179",NULL,NULL,NULL,"44"),
("47745","17","179",NULL,NULL,NULL,"44"),
("47746","18","179",NULL,NULL,NULL,"44"),
("47747","19","179",NULL,NULL,NULL,"44"),
("47748","20","179",NULL,NULL,NULL,"44"),
("47749","21","179",NULL,NULL,NULL,"44"),
("47750","22","179",NULL,NULL,NULL,"44"),
("47751","23","179",NULL,NULL,NULL,"44"),
("47752","24","179",NULL,NULL,NULL,"44"),
("47753","1","180",NULL,NULL,NULL,"45"),
("47754","2","180",NULL,NULL,NULL,"45"),
("47755","3","180",NULL,NULL,NULL,"45"),
("47756","4","180",NULL,NULL,NULL,"45"),
("47757","5","180",NULL,NULL,NULL,"45"),
("47758","6","180",NULL,NULL,NULL,"45"),
("47759","7","180",NULL,NULL,NULL,"45"),
("47760","8","180",NULL,NULL,NULL,"45"),
("47761","9","180",NULL,NULL,NULL,"45"),
("47762","10","180",NULL,NULL,NULL,"45"),
("47763","11","180",NULL,NULL,NULL,"45"),
("47764","12","180",NULL,NULL,NULL,"45"),
("47765","13","180",NULL,NULL,NULL,"45"),
("47766","14","180",NULL,NULL,NULL,"45"),
("47767","15","180",NULL,NULL,NULL,"45"),
("47768","16","180",NULL,NULL,NULL,"45"),
("47769","17","180",NULL,NULL,NULL,"45"),
("47770","18","180",NULL,NULL,NULL,"45"),
("47771","19","180",NULL,NULL,NULL,"45"),
("47772","20","180",NULL,NULL,NULL,"45"),
("47773","21","180",NULL,NULL,NULL,"45"),
("47774","22","180",NULL,NULL,NULL,"45"),
("47775","23","180",NULL,NULL,NULL,"45"),
("47776","24","180",NULL,NULL,NULL,"45"),
("47801","1","182",NULL,NULL,NULL,"45"),
("47802","2","182",NULL,NULL,NULL,"45"),
("47803","3","182",NULL,NULL,NULL,"45"),
("47804","4","182",NULL,NULL,NULL,"45"),
("47805","5","182",NULL,NULL,NULL,"45"),
("47806","6","182",NULL,NULL,NULL,"45"),
("47807","7","182",NULL,NULL,NULL,"45"),
("47808","8","182",NULL,NULL,NULL,"45"),
("47809","9","182",NULL,NULL,NULL,"45"),
("47810","10","182",NULL,NULL,NULL,"45"),
("47811","11","182",NULL,NULL,NULL,"45"),
("47812","12","182",NULL,NULL,NULL,"45"),
("47813","13","182",NULL,NULL,NULL,"45"),
("47814","14","182",NULL,NULL,NULL,"45"),
("47815","15","182",NULL,NULL,NULL,"45"),
("47816","16","182",NULL,NULL,NULL,"45"),
("47817","17","182",NULL,NULL,NULL,"45"),
("47818","18","182",NULL,NULL,NULL,"45"),
("47819","19","182",NULL,NULL,NULL,"45"),
("47820","20","182",NULL,NULL,NULL,"45"),
("47821","21","182",NULL,NULL,NULL,"45"),
("47822","22","182",NULL,NULL,NULL,"45"),
("47823","23","182",NULL,NULL,NULL,"45"),
("47824","24","182",NULL,NULL,NULL,"45"),
("47825","1","183",NULL,NULL,NULL,"45"),
("47826","2","183",NULL,NULL,NULL,"45"),
("47827","3","183",NULL,NULL,NULL,"45"),
("47828","4","183",NULL,NULL,NULL,"45"),
("47829","5","183",NULL,NULL,NULL,"45"),
("47830","6","183",NULL,NULL,NULL,"45"),
("47831","7","183",NULL,NULL,NULL,"45"),
("47832","8","183",NULL,NULL,NULL,"45"),
("47833","9","183",NULL,NULL,NULL,"45"),
("47834","10","183",NULL,NULL,NULL,"45"),
("47835","11","183",NULL,NULL,NULL,"45"),
("47836","12","183",NULL,NULL,NULL,"45"),
("47837","13","183",NULL,NULL,NULL,"45"),
("47838","14","183",NULL,NULL,NULL,"45"),
("47839","15","183",NULL,NULL,NULL,"45"),
("47840","16","183",NULL,NULL,NULL,"45"),
("47841","17","183",NULL,NULL,NULL,"45"),
("47842","18","183",NULL,NULL,NULL,"45"),
("47843","19","183",NULL,NULL,NULL,"45"),
("47844","20","183",NULL,NULL,NULL,"45"),
("47845","21","183",NULL,NULL,NULL,"45"),
("47846","22","183",NULL,NULL,NULL,"45"),
("47847","23","183",NULL,NULL,NULL,"45"),
("47848","24","183",NULL,NULL,NULL,"45"),
("47849","1","184",NULL,NULL,NULL,"45"),
("47850","2","184",NULL,NULL,NULL,"45"),
("47851","3","184",NULL,NULL,NULL,"45"),
("47852","4","184",NULL,NULL,NULL,"45"),
("47853","5","184",NULL,NULL,NULL,"45"),
("47854","6","184",NULL,NULL,NULL,"45"),
("47855","7","184",NULL,NULL,NULL,"45"),
("47856","8","184",NULL,NULL,NULL,"45"),
("47857","9","184",NULL,NULL,NULL,"45"),
("47858","10","184",NULL,NULL,NULL,"45"),
("47859","11","184",NULL,NULL,NULL,"45"),
("47860","12","184",NULL,NULL,NULL,"45"),
("47861","13","184",NULL,NULL,NULL,"45"),
("47862","14","184",NULL,NULL,NULL,"45"),
("47863","15","184",NULL,NULL,NULL,"45"),
("47864","16","184",NULL,NULL,NULL,"45"),
("47865","17","184",NULL,NULL,NULL,"45"),
("47866","18","184",NULL,NULL,NULL,"45"),
("47867","19","184",NULL,NULL,NULL,"45"),
("47868","20","184",NULL,NULL,NULL,"45"),
("47869","21","184",NULL,NULL,NULL,"45"),
("47870","22","184",NULL,NULL,NULL,"45"),
("47871","23","184",NULL,NULL,NULL,"45"),
("47872","24","184",NULL,NULL,NULL,"45"),
("47873","1","185",NULL,NULL,NULL,"46"),
("47874","2","185",NULL,NULL,NULL,"46"),
("47875","3","185",NULL,NULL,NULL,"46"),
("47876","4","185",NULL,NULL,NULL,"46"),
("47877","5","185",NULL,NULL,NULL,"46"),
("47878","6","185",NULL,NULL,NULL,"46"),
("47879","7","185",NULL,NULL,NULL,"46"),
("47880","8","185",NULL,NULL,NULL,"46"),
("47881","9","185",NULL,NULL,NULL,"46"),
("47882","10","185",NULL,NULL,NULL,"46"),
("47883","11","185",NULL,NULL,NULL,"46"),
("47884","12","185",NULL,NULL,NULL,"46"),
("47885","13","185",NULL,NULL,NULL,"46"),
("47886","14","185",NULL,NULL,NULL,"46"),
("47887","15","185",NULL,NULL,NULL,"46"),
("47888","16","185",NULL,NULL,NULL,"46"),
("47889","17","185",NULL,NULL,NULL,"46"),
("47890","18","185",NULL,NULL,NULL,"46"),
("47891","19","185",NULL,NULL,NULL,"46"),
("47892","20","185",NULL,NULL,NULL,"46"),
("47893","21","185",NULL,NULL,NULL,"46"),
("47894","22","185",NULL,NULL,NULL,"46"),
("47895","23","185",NULL,NULL,NULL,"46"),
("47896","24","185",NULL,NULL,NULL,"46"),
("47897","1","186",NULL,NULL,NULL,"46"),
("47898","2","186",NULL,NULL,NULL,"46"),
("47899","3","186",NULL,NULL,NULL,"46"),
("47900","4","186",NULL,NULL,NULL,"46"),
("47901","5","186",NULL,NULL,NULL,"46"),
("47902","6","186",NULL,NULL,NULL,"46"),
("47903","7","186",NULL,NULL,NULL,"46"),
("47904","8","186",NULL,NULL,NULL,"46"),
("47905","9","186",NULL,NULL,NULL,"46"),
("47906","10","186",NULL,NULL,NULL,"46"),
("47907","11","186",NULL,NULL,NULL,"46"),
("47908","12","186",NULL,NULL,NULL,"46"),
("47909","13","186",NULL,NULL,NULL,"46"),
("47910","14","186",NULL,NULL,NULL,"46"),
("47911","15","186",NULL,NULL,NULL,"46"),
("47912","16","186",NULL,NULL,NULL,"46"),
("47913","17","186",NULL,NULL,NULL,"46"),
("47914","18","186",NULL,NULL,NULL,"46"),
("47915","19","186",NULL,NULL,NULL,"46"),
("47916","20","186",NULL,NULL,NULL,"46"),
("47917","21","186",NULL,NULL,NULL,"46"),
("47918","22","186",NULL,NULL,NULL,"46"),
("47919","23","186",NULL,NULL,NULL,"46"),
("47920","24","186",NULL,NULL,NULL,"46"),
("47921","1","187",NULL,NULL,NULL,"46"),
("47922","2","187",NULL,NULL,NULL,"46"),
("47923","3","187",NULL,NULL,NULL,"46"),
("47924","4","187",NULL,NULL,NULL,"46"),
("47925","5","187",NULL,NULL,NULL,"46"),
("47926","6","187",NULL,NULL,NULL,"46"),
("47927","7","187",NULL,NULL,NULL,"46"),
("47928","8","187",NULL,NULL,NULL,"46"),
("47929","9","187",NULL,NULL,NULL,"46"),
("47930","10","187",NULL,NULL,NULL,"46"),
("47931","11","187",NULL,NULL,NULL,"46"),
("47932","12","187",NULL,NULL,NULL,"46"),
("47933","13","187",NULL,NULL,NULL,"46"),
("47934","14","187",NULL,NULL,NULL,"46"),
("47935","15","187",NULL,NULL,NULL,"46"),
("47936","16","187",NULL,NULL,NULL,"46"),
("47937","17","187",NULL,NULL,NULL,"46"),
("47938","18","187",NULL,NULL,NULL,"46"),
("47939","19","187",NULL,NULL,NULL,"46"),
("47940","20","187",NULL,NULL,NULL,"46"),
("47941","21","187",NULL,NULL,NULL,"46"),
("47942","22","187",NULL,NULL,NULL,"46"),
("47943","23","187",NULL,NULL,NULL,"46"),
("47944","24","187",NULL,NULL,NULL,"46"),
("47945","1","188",NULL,NULL,NULL,"46"),
("47946","2","188",NULL,NULL,NULL,"46"),
("47947","3","188",NULL,NULL,NULL,"46"),
("47948","4","188",NULL,NULL,NULL,"46"),
("47949","5","188",NULL,NULL,NULL,"46"),
("47950","6","188",NULL,NULL,NULL,"46"),
("47951","7","188",NULL,NULL,NULL,"46"),
("47952","8","188",NULL,NULL,NULL,"46"),
("47953","9","188",NULL,NULL,NULL,"46"),
("47954","10","188",NULL,NULL,NULL,"46"),
("47955","11","188",NULL,NULL,NULL,"46"),
("47956","12","188",NULL,NULL,NULL,"46"),
("47957","13","188",NULL,NULL,NULL,"46"),
("47958","14","188",NULL,NULL,NULL,"46"),
("47959","15","188",NULL,NULL,NULL,"46"),
("47960","16","188",NULL,NULL,NULL,"46"),
("47961","17","188",NULL,NULL,NULL,"46"),
("47962","18","188",NULL,NULL,NULL,"46"),
("47963","19","188",NULL,NULL,NULL,"46"),
("47964","20","188",NULL,NULL,NULL,"46"),
("47965","21","188",NULL,NULL,NULL,"46"),
("47966","22","188",NULL,NULL,NULL,"46"),
("47967","23","188",NULL,NULL,NULL,"46"),
("47968","24","188",NULL,NULL,NULL,"46"),
("47969","1","189",NULL,NULL,NULL,"47"),
("47970","2","189",NULL,NULL,NULL,"47"),
("47971","3","189",NULL,NULL,NULL,"47"),
("47972","4","189",NULL,NULL,NULL,"47"),
("47973","5","189",NULL,NULL,NULL,"47"),
("47974","6","189","1",NULL,"75","47"),
("47975","7","189","1",NULL,"75","47"),
("47976","8","189",NULL,NULL,NULL,"47"),
("47977","9","189",NULL,NULL,NULL,"47"),
("47978","10","189",NULL,NULL,NULL,"47"),
("47979","11","189",NULL,NULL,NULL,"47"),
("47980","12","189",NULL,NULL,NULL,"47"),
("47981","13","189",NULL,NULL,NULL,"47"),
("47982","14","189",NULL,NULL,NULL,"47"),
("47983","15","189",NULL,NULL,NULL,"47"),
("47984","16","189",NULL,NULL,NULL,"47"),
("47985","17","189",NULL,NULL,NULL,"47"),
("47986","18","189",NULL,NULL,NULL,"47"),
("47987","19","189",NULL,NULL,NULL,"47"),
("47988","20","189",NULL,NULL,NULL,"47"),
("47989","21","189",NULL,NULL,NULL,"47"),
("47990","22","189",NULL,NULL,NULL,"47"),
("47991","23","189","1",NULL,"75","47"),
("47992","24","189",NULL,NULL,NULL,"47"),
("47993","1","190",NULL,NULL,NULL,"47"),
("47994","2","190",NULL,NULL,NULL,"47"),
("47995","3","190",NULL,NULL,NULL,"47"),
("47996","4","190",NULL,NULL,NULL,"47"),
("47997","5","190",NULL,NULL,NULL,"47"),
("47998","6","190",NULL,NULL,NULL,"47"),
("47999","7","190",NULL,NULL,NULL,"47"),
("48000","8","190",NULL,NULL,NULL,"47"),
("48001","9","190","1",NULL,"75","47"),
("48002","10","190",NULL,NULL,NULL,"47"),
("48003","11","190","1",NULL,"75","47"),
("48004","12","190",NULL,NULL,NULL,"47"),
("48005","13","190","1",NULL,"75","47"),
("48006","14","190",NULL,NULL,NULL,"47"),
("48007","15","190",NULL,NULL,NULL,"47"),
("48008","16","190",NULL,NULL,NULL,"47"),
("48009","17","190",NULL,NULL,NULL,"47"),
("48010","18","190",NULL,NULL,NULL,"47"),
("48011","19","190",NULL,NULL,NULL,"47"),
("48012","20","190",NULL,NULL,NULL,"47"),
("48013","21","190",NULL,NULL,NULL,"47"),
("48014","22","190",NULL,NULL,NULL,"47"),
("48015","23","190",NULL,NULL,NULL,"47"),
("48016","24","190",NULL,NULL,NULL,"47"),
("48017","1","191",NULL,NULL,NULL,"48"),
("48018","2","191",NULL,NULL,NULL,"48"),
("48019","3","191",NULL,NULL,NULL,"48"),
("48020","4","191",NULL,NULL,NULL,"48"),
("48021","5","191",NULL,NULL,NULL,"48"),
("48022","6","191",NULL,NULL,NULL,"48"),
("48023","7","191",NULL,NULL,NULL,"48"),
("48024","8","191",NULL,NULL,NULL,"48"),
("48025","9","191",NULL,NULL,NULL,"48"),
("48026","10","191",NULL,NULL,NULL,"48"),
("48027","11","191",NULL,NULL,NULL,"48"),
("48028","12","191",NULL,NULL,NULL,"48"),
("48029","13","191",NULL,NULL,NULL,"48"),
("48030","14","191",NULL,NULL,NULL,"48"),
("48031","15","191",NULL,NULL,NULL,"48"),
("48032","16","191",NULL,NULL,NULL,"48"),
("48033","17","191",NULL,NULL,NULL,"48"),
("48034","18","191",NULL,NULL,NULL,"48"),
("48035","19","191",NULL,NULL,NULL,"48"),
("48036","20","191",NULL,NULL,NULL,"48"),
("48037","21","191",NULL,NULL,NULL,"48"),
("48038","22","191",NULL,NULL,NULL,"48"),
("48039","23","191",NULL,NULL,NULL,"48"),
("48040","24","191",NULL,NULL,NULL,"48"),
("48041","1","192",NULL,NULL,NULL,"48"),
("48042","2","192",NULL,NULL,NULL,"48"),
("48043","3","192",NULL,NULL,NULL,"48"),
("48044","4","192",NULL,NULL,NULL,"48"),
("48045","5","192",NULL,NULL,NULL,"48"),
("48046","6","192",NULL,NULL,NULL,"48"),
("48047","7","192",NULL,NULL,NULL,"48"),
("48048","8","192",NULL,NULL,NULL,"48"),
("48049","9","192",NULL,NULL,NULL,"48"),
("48050","10","192",NULL,NULL,NULL,"48"),
("48051","11","192",NULL,NULL,NULL,"48"),
("48052","12","192",NULL,NULL,NULL,"48"),
("48053","13","192",NULL,NULL,NULL,"48"),
("48054","14","192",NULL,NULL,NULL,"48"),
("48055","15","192",NULL,NULL,NULL,"48"),
("48056","16","192",NULL,NULL,NULL,"48"),
("48057","17","192",NULL,NULL,NULL,"48"),
("48058","18","192",NULL,NULL,NULL,"48"),
("48059","19","192",NULL,NULL,NULL,"48"),
("48060","20","192",NULL,NULL,NULL,"48"),
("48061","21","192",NULL,NULL,NULL,"48"),
("48062","22","192",NULL,NULL,NULL,"48"),
("48063","23","192",NULL,NULL,NULL,"48"),
("48064","24","192",NULL,NULL,NULL,"48"),
("48065","1","193",NULL,NULL,NULL,"48"),
("48066","2","193",NULL,NULL,NULL,"48"),
("48067","3","193",NULL,NULL,NULL,"48"),
("48068","4","193",NULL,NULL,NULL,"48"),
("48069","5","193",NULL,NULL,NULL,"48"),
("48070","6","193",NULL,NULL,NULL,"48"),
("48071","7","193",NULL,NULL,NULL,"48"),
("48072","8","193",NULL,NULL,NULL,"48"),
("48073","9","193",NULL,NULL,NULL,"48"),
("48074","10","193",NULL,NULL,NULL,"48"),
("48075","11","193",NULL,NULL,NULL,"48"),
("48076","12","193",NULL,NULL,NULL,"48"),
("48077","13","193",NULL,NULL,NULL,"48"),
("48078","14","193",NULL,NULL,NULL,"48"),
("48079","15","193",NULL,NULL,NULL,"48"),
("48080","16","193",NULL,NULL,NULL,"48"),
("48081","17","193",NULL,NULL,NULL,"48"),
("48082","18","193",NULL,NULL,NULL,"48"),
("48083","19","193",NULL,NULL,NULL,"48"),
("48084","20","193",NULL,NULL,NULL,"48"),
("48085","21","193",NULL,NULL,NULL,"48"),
("48086","22","193",NULL,NULL,NULL,"48"),
("48087","23","193",NULL,NULL,NULL,"48"),
("48088","24","193",NULL,NULL,NULL,"48"),
("48089","1","194",NULL,NULL,NULL,"48"),
("48090","2","194",NULL,NULL,NULL,"48"),
("48091","3","194",NULL,NULL,NULL,"48"),
("48092","4","194",NULL,NULL,NULL,"48"),
("48093","5","194",NULL,NULL,NULL,"48"),
("48094","6","194",NULL,NULL,NULL,"48"),
("48095","7","194",NULL,NULL,NULL,"48"),
("48096","8","194",NULL,NULL,NULL,"48"),
("48097","9","194",NULL,NULL,NULL,"48"),
("48098","10","194",NULL,NULL,NULL,"48"),
("48099","11","194",NULL,NULL,NULL,"48"),
("48100","12","194",NULL,NULL,NULL,"48"),
("48101","13","194",NULL,NULL,NULL,"48"),
("48102","14","194",NULL,NULL,NULL,"48"),
("48103","15","194",NULL,NULL,NULL,"48"),
("48104","16","194",NULL,NULL,NULL,"48"),
("48105","17","194",NULL,NULL,NULL,"48"),
("48106","18","194",NULL,NULL,NULL,"48"),
("48107","19","194",NULL,NULL,NULL,"48"),
("48108","20","194",NULL,NULL,NULL,"48"),
("48109","21","194",NULL,NULL,NULL,"48"),
("48110","22","194",NULL,NULL,NULL,"48"),
("48111","23","194",NULL,NULL,NULL,"48"),
("48112","24","194",NULL,NULL,NULL,"48"),
("48113","1","195",NULL,NULL,NULL,"48"),
("48114","2","195",NULL,NULL,NULL,"48"),
("48115","3","195",NULL,NULL,NULL,"48"),
("48116","4","195",NULL,NULL,NULL,"48"),
("48117","5","195",NULL,NULL,NULL,"48"),
("48118","6","195",NULL,NULL,NULL,"48"),
("48119","7","195",NULL,NULL,NULL,"48"),
("48120","8","195",NULL,NULL,NULL,"48"),
("48121","9","195",NULL,NULL,NULL,"48"),
("48122","10","195",NULL,NULL,NULL,"48"),
("48123","11","195",NULL,NULL,NULL,"48"),
("48124","12","195",NULL,NULL,NULL,"48"),
("48125","13","195",NULL,NULL,NULL,"48"),
("48126","14","195",NULL,NULL,NULL,"48"),
("48127","15","195",NULL,NULL,NULL,"48"),
("48128","16","195",NULL,NULL,NULL,"48"),
("48129","17","195",NULL,NULL,NULL,"48"),
("48130","18","195",NULL,NULL,NULL,"48"),
("48131","19","195",NULL,NULL,NULL,"48"),
("48132","20","195",NULL,NULL,NULL,"48"),
("48133","21","195",NULL,NULL,NULL,"48"),
("48134","22","195",NULL,NULL,NULL,"48"),
("48135","23","195",NULL,NULL,NULL,"48"),
("48136","24","195",NULL,NULL,NULL,"48"),
("48137","1","196",NULL,NULL,NULL,"48"),
("48138","2","196",NULL,NULL,NULL,"48"),
("48139","3","196",NULL,NULL,NULL,"48"),
("48140","4","196",NULL,NULL,NULL,"48"),
("48141","5","196",NULL,NULL,NULL,"48"),
("48142","6","196",NULL,NULL,NULL,"48"),
("48143","7","196",NULL,NULL,NULL,"48"),
("48144","8","196",NULL,NULL,NULL,"48"),
("48145","9","196",NULL,NULL,NULL,"48"),
("48146","10","196",NULL,NULL,NULL,"48"),
("48147","11","196",NULL,NULL,NULL,"48"),
("48148","12","196",NULL,NULL,NULL,"48"),
("48149","13","196",NULL,NULL,NULL,"48"),
("48150","14","196",NULL,NULL,NULL,"48"),
("48151","15","196",NULL,NULL,NULL,"48"),
("48152","16","196",NULL,NULL,NULL,"48"),
("48153","17","196",NULL,NULL,NULL,"48"),
("48154","18","196",NULL,NULL,NULL,"48"),
("48155","19","196",NULL,NULL,NULL,"48"),
("48156","20","196",NULL,NULL,NULL,"48"),
("48157","21","196",NULL,NULL,NULL,"48"),
("48158","22","196",NULL,NULL,NULL,"48"),
("48159","23","196",NULL,NULL,NULL,"48"),
("48160","24","196",NULL,NULL,NULL,"48"),
("48161","1","197",NULL,NULL,NULL,"48"),
("48162","2","197",NULL,NULL,NULL,"48"),
("48163","3","197",NULL,NULL,NULL,"48"),
("48164","4","197",NULL,NULL,NULL,"48"),
("48165","5","197",NULL,NULL,NULL,"48"),
("48166","6","197",NULL,NULL,NULL,"48"),
("48167","7","197",NULL,NULL,NULL,"48"),
("48168","8","197",NULL,NULL,NULL,"48"),
("48169","9","197",NULL,NULL,NULL,"48"),
("48170","10","197",NULL,NULL,NULL,"48"),
("48171","11","197",NULL,NULL,NULL,"48"),
("48172","12","197",NULL,NULL,NULL,"48"),
("48173","13","197",NULL,NULL,NULL,"48"),
("48174","14","197",NULL,NULL,NULL,"48"),
("48175","15","197",NULL,NULL,NULL,"48"),
("48176","16","197",NULL,NULL,NULL,"48"),
("48177","17","197",NULL,NULL,NULL,"48"),
("48178","18","197",NULL,NULL,NULL,"48"),
("48179","19","197",NULL,NULL,NULL,"48"),
("48180","20","197",NULL,NULL,NULL,"48"),
("48181","21","197",NULL,NULL,NULL,"48"),
("48182","22","197",NULL,NULL,NULL,"48"),
("48183","23","197",NULL,NULL,NULL,"48"),
("48184","24","197",NULL,NULL,NULL,"48"),
("48185","1","198",NULL,NULL,NULL,"48"),
("48186","2","198",NULL,NULL,NULL,"48"),
("48187","3","198",NULL,NULL,NULL,"48"),
("48188","4","198",NULL,NULL,NULL,"48"),
("48189","5","198",NULL,NULL,NULL,"48"),
("48190","6","198",NULL,NULL,NULL,"48"),
("48191","7","198",NULL,NULL,NULL,"48"),
("48192","8","198",NULL,NULL,NULL,"48"),
("48193","9","198",NULL,NULL,NULL,"48"),
("48194","10","198",NULL,NULL,NULL,"48"),
("48195","11","198",NULL,NULL,NULL,"48"),
("48196","12","198",NULL,NULL,NULL,"48"),
("48197","13","198",NULL,NULL,NULL,"48"),
("48198","14","198",NULL,NULL,NULL,"48"),
("48199","15","198",NULL,NULL,NULL,"48"),
("48200","16","198",NULL,NULL,NULL,"48"),
("48201","17","198",NULL,NULL,NULL,"48"),
("48202","18","198",NULL,NULL,NULL,"48"),
("48203","19","198",NULL,NULL,NULL,"48"),
("48204","20","198",NULL,NULL,NULL,"48"),
("48205","21","198",NULL,NULL,NULL,"48"),
("48206","22","198",NULL,NULL,NULL,"48"),
("48207","23","198",NULL,NULL,NULL,"48"),
("48208","24","198",NULL,NULL,NULL,"48"),
("48209","1","199",NULL,NULL,NULL,"48"),
("48210","2","199",NULL,NULL,NULL,"48"),
("48211","3","199",NULL,NULL,NULL,"48"),
("48212","4","199",NULL,NULL,NULL,"48"),
("48213","5","199",NULL,NULL,NULL,"48"),
("48214","6","199",NULL,NULL,NULL,"48"),
("48215","7","199",NULL,NULL,NULL,"48"),
("48216","8","199",NULL,NULL,NULL,"48"),
("48217","9","199",NULL,NULL,NULL,"48"),
("48218","10","199",NULL,NULL,NULL,"48"),
("48219","11","199",NULL,NULL,NULL,"48"),
("48220","12","199",NULL,NULL,NULL,"48"),
("48221","13","199",NULL,NULL,NULL,"48"),
("48222","14","199",NULL,NULL,NULL,"48"),
("48223","15","199",NULL,NULL,NULL,"48"),
("48224","16","199",NULL,NULL,NULL,"48"),
("48225","17","199",NULL,NULL,NULL,"48"),
("48226","18","199",NULL,NULL,NULL,"48"),
("48227","19","199",NULL,NULL,NULL,"48"),
("48228","20","199",NULL,NULL,NULL,"48"),
("48229","21","199",NULL,NULL,NULL,"48"),
("48230","22","199",NULL,NULL,NULL,"48"),
("48231","23","199",NULL,NULL,NULL,"48"),
("48232","24","199",NULL,NULL,NULL,"48"),
("48233","1","200",NULL,NULL,NULL,"48"),
("48234","2","200",NULL,NULL,NULL,"48"),
("48235","3","200",NULL,NULL,NULL,"48"),
("48236","4","200",NULL,NULL,NULL,"48"),
("48237","5","200",NULL,NULL,NULL,"48"),
("48238","6","200",NULL,NULL,NULL,"48"),
("48239","7","200",NULL,NULL,NULL,"48"),
("48240","8","200",NULL,NULL,NULL,"48"),
("48241","9","200",NULL,NULL,NULL,"48"),
("48242","10","200",NULL,NULL,NULL,"48"),
("48243","11","200",NULL,NULL,NULL,"48"),
("48244","12","200",NULL,NULL,NULL,"48"),
("48245","13","200",NULL,NULL,NULL,"48"),
("48246","14","200",NULL,NULL,NULL,"48"),
("48247","15","200",NULL,NULL,NULL,"48"),
("48248","16","200",NULL,NULL,NULL,"48"),
("48249","17","200",NULL,NULL,NULL,"48"),
("48250","18","200",NULL,NULL,NULL,"48"),
("48251","19","200",NULL,NULL,NULL,"48"),
("48252","20","200",NULL,NULL,NULL,"48"),
("48253","21","200",NULL,NULL,NULL,"48"),
("48254","22","200",NULL,NULL,NULL,"48"),
("48255","23","200",NULL,NULL,NULL,"48"),
("48256","24","200",NULL,NULL,NULL,"48"),
("48257","1","201",NULL,NULL,NULL,"49"),
("48258","2","201",NULL,NULL,NULL,"49"),
("48259","3","201",NULL,NULL,NULL,"49"),
("48260","4","201",NULL,NULL,NULL,"49"),
("48261","5","201",NULL,NULL,NULL,"49"),
("48262","6","201",NULL,NULL,NULL,"49"),
("48263","7","201",NULL,NULL,NULL,"49"),
("48264","8","201",NULL,NULL,NULL,"49"),
("48265","9","201",NULL,NULL,NULL,"49"),
("48266","10","201",NULL,NULL,NULL,"49"),
("48267","11","201",NULL,NULL,NULL,"49"),
("48268","12","201",NULL,NULL,NULL,"49"),
("48269","13","201",NULL,NULL,NULL,"49"),
("48270","14","201",NULL,NULL,NULL,"49"),
("48271","15","201",NULL,NULL,NULL,"49"),
("48272","16","201",NULL,NULL,NULL,"49"),
("48273","17","201",NULL,NULL,NULL,"49"),
("48274","18","201",NULL,NULL,NULL,"49"),
("48275","19","201",NULL,NULL,NULL,"49"),
("48276","20","201",NULL,NULL,NULL,"49"),
("48277","21","201",NULL,NULL,NULL,"49"),
("48278","22","201",NULL,NULL,NULL,"49"),
("48279","23","201",NULL,NULL,NULL,"49"),
("48280","24","201",NULL,NULL,NULL,"49"),
("48281","1","202",NULL,NULL,NULL,"49"),
("48282","2","202",NULL,NULL,NULL,"49"),
("48283","3","202",NULL,NULL,NULL,"49"),
("48284","4","202",NULL,NULL,NULL,"49"),
("48285","5","202",NULL,NULL,NULL,"49"),
("48286","6","202",NULL,NULL,NULL,"49"),
("48287","7","202",NULL,NULL,NULL,"49"),
("48288","8","202",NULL,NULL,NULL,"49"),
("48289","9","202",NULL,NULL,NULL,"49"),
("48290","10","202",NULL,NULL,NULL,"49"),
("48291","11","202",NULL,NULL,NULL,"49"),
("48292","12","202",NULL,NULL,NULL,"49"),
("48293","13","202",NULL,NULL,NULL,"49"),
("48294","14","202",NULL,NULL,NULL,"49"),
("48295","15","202",NULL,NULL,NULL,"49"),
("48296","16","202",NULL,NULL,NULL,"49"),
("48297","17","202",NULL,NULL,NULL,"49"),
("48298","18","202",NULL,NULL,NULL,"49"),
("48299","19","202",NULL,NULL,NULL,"49"),
("48300","20","202",NULL,NULL,NULL,"49"),
("48301","21","202",NULL,NULL,NULL,"49"),
("48302","22","202",NULL,NULL,NULL,"49"),
("48303","23","202",NULL,NULL,NULL,"49"),
("48304","24","202",NULL,NULL,NULL,"49"),
("48305","1","203",NULL,NULL,NULL,"49"),
("48306","2","203",NULL,NULL,NULL,"49"),
("48307","3","203",NULL,NULL,NULL,"49"),
("48308","4","203",NULL,NULL,NULL,"49"),
("48309","5","203",NULL,NULL,NULL,"49"),
("48310","6","203",NULL,NULL,NULL,"49"),
("48311","7","203",NULL,NULL,NULL,"49"),
("48312","8","203",NULL,NULL,NULL,"49"),
("48313","9","203",NULL,NULL,NULL,"49"),
("48314","10","203",NULL,NULL,NULL,"49"),
("48315","11","203",NULL,NULL,NULL,"49"),
("48316","12","203",NULL,NULL,NULL,"49"),
("48317","13","203",NULL,NULL,NULL,"49"),
("48318","14","203",NULL,NULL,NULL,"49"),
("48319","15","203",NULL,NULL,NULL,"49"),
("48320","16","203",NULL,NULL,NULL,"49"),
("48321","17","203",NULL,NULL,NULL,"49"),
("48322","18","203",NULL,NULL,NULL,"49"),
("48323","19","203",NULL,NULL,NULL,"49"),
("48324","20","203",NULL,NULL,NULL,"49"),
("48325","21","203",NULL,NULL,NULL,"49"),
("48326","22","203",NULL,NULL,NULL,"49"),
("48327","23","203",NULL,NULL,NULL,"49"),
("48328","24","203",NULL,NULL,NULL,"49"),
("48329","1","204",NULL,NULL,NULL,"49"),
("48330","2","204",NULL,NULL,NULL,"49"),
("48331","3","204",NULL,NULL,NULL,"49"),
("48332","4","204",NULL,NULL,NULL,"49"),
("48333","5","204",NULL,NULL,NULL,"49"),
("48334","6","204",NULL,NULL,NULL,"49"),
("48335","7","204",NULL,NULL,NULL,"49"),
("48336","8","204",NULL,NULL,NULL,"49"),
("48337","9","204",NULL,NULL,NULL,"49"),
("48338","10","204",NULL,NULL,NULL,"49"),
("48339","11","204",NULL,NULL,NULL,"49"),
("48340","12","204",NULL,NULL,NULL,"49"),
("48341","13","204",NULL,NULL,NULL,"49"),
("48342","14","204",NULL,NULL,NULL,"49"),
("48343","15","204",NULL,NULL,NULL,"49"),
("48344","16","204",NULL,NULL,NULL,"49"),
("48345","17","204",NULL,NULL,NULL,"49"),
("48346","18","204",NULL,NULL,NULL,"49"),
("48347","19","204",NULL,NULL,NULL,"49"),
("48348","20","204",NULL,NULL,NULL,"49"),
("48349","21","204",NULL,NULL,NULL,"49"),
("48350","22","204",NULL,NULL,NULL,"49"),
("48351","23","204",NULL,NULL,NULL,"49"),
("48352","24","204",NULL,NULL,NULL,"49"),
("48353","1","205",NULL,NULL,NULL,"50"),
("48354","2","205",NULL,NULL,NULL,"50"),
("48355","3","205",NULL,NULL,NULL,"50"),
("48356","4","205",NULL,NULL,NULL,"50"),
("48357","5","205",NULL,NULL,NULL,"50"),
("48358","6","205",NULL,NULL,NULL,"50"),
("48359","7","205",NULL,NULL,NULL,"50"),
("48360","8","205",NULL,NULL,NULL,"50"),
("48361","9","205",NULL,NULL,NULL,"50"),
("48362","10","205",NULL,NULL,NULL,"50"),
("48363","11","205",NULL,NULL,NULL,"50"),
("48364","12","205",NULL,NULL,NULL,"50"),
("48365","13","205",NULL,NULL,NULL,"50"),
("48366","14","205",NULL,NULL,NULL,"50"),
("48367","15","205",NULL,NULL,NULL,"50"),
("48368","16","205",NULL,NULL,NULL,"50"),
("48369","17","205",NULL,NULL,NULL,"50"),
("48370","18","205",NULL,NULL,NULL,"50"),
("48371","19","205",NULL,NULL,NULL,"50"),
("48372","20","205",NULL,NULL,NULL,"50"),
("48373","21","205",NULL,NULL,NULL,"50"),
("48374","22","205",NULL,NULL,NULL,"50"),
("48375","23","205",NULL,NULL,NULL,"50"),
("48376","24","205",NULL,NULL,NULL,"50"),
("48377","1","206",NULL,NULL,NULL,"50"),
("48378","2","206",NULL,NULL,NULL,"50"),
("48379","3","206",NULL,NULL,NULL,"50"),
("48380","4","206",NULL,NULL,NULL,"50"),
("48381","5","206",NULL,NULL,NULL,"50"),
("48382","6","206",NULL,NULL,NULL,"50"),
("48383","7","206",NULL,NULL,NULL,"50"),
("48384","8","206",NULL,NULL,NULL,"50"),
("48385","9","206",NULL,NULL,NULL,"50"),
("48386","10","206",NULL,NULL,NULL,"50"),
("48387","11","206",NULL,NULL,NULL,"50"),
("48388","12","206",NULL,NULL,NULL,"50"),
("48389","13","206",NULL,NULL,NULL,"50"),
("48390","14","206",NULL,NULL,NULL,"50"),
("48391","15","206",NULL,NULL,NULL,"50"),
("48392","16","206",NULL,NULL,NULL,"50"),
("48393","17","206",NULL,NULL,NULL,"50"),
("48394","18","206",NULL,NULL,NULL,"50"),
("48395","19","206",NULL,NULL,NULL,"50"),
("48396","20","206",NULL,NULL,NULL,"50"),
("48397","21","206",NULL,NULL,NULL,"50"),
("48398","22","206",NULL,NULL,NULL,"50"),
("48399","23","206",NULL,NULL,NULL,"50"),
("48400","24","206",NULL,NULL,NULL,"50");

CREATE TABLE IF NOT EXISTS `pt_swtich` (
`id_pt_switch` int(10) NOT NULL AUTO_INCREMENT,
`pt_switch` varchar(10) DEFAULT NULL ,
`id_switch` int(10) DEFAULT NULL ,
`cod_pt_patch` varchar(10) DEFAULT 0 ,
`cod_patch` varchar(10) DEFAULT 0 ,
`status` varchar(1) DEFAULT 0 ,
`rack` varchar(10) DEFAULT NULL ,
PRIMARY KEY (`id_pt_switch`)
) ENGINE=InnoDB AUTO_INCREMENT=6148 DEFAULT CHARSET=utf8mb4 COLLATE=utf8_bin; 

INSERT INTO `pt_swtich` VALUES 
("4116","1","133",NULL,NULL,NULL,NULL),
("4117","2","133",NULL,NULL,NULL,NULL),
("4118","3","133",NULL,NULL,NULL,NULL),
("4119","4","133",NULL,NULL,NULL,NULL),
("4120","5","133",NULL,NULL,NULL,NULL),
("4121","6","133",NULL,NULL,NULL,NULL),
("4122","7","133",NULL,NULL,NULL,NULL),
("4123","8","133",NULL,NULL,NULL,NULL),
("4124","9","133",NULL,NULL,NULL,NULL),
("4125","10","133",NULL,NULL,NULL,NULL),
("4126","11","133",NULL,NULL,NULL,NULL),
("4127","12","133",NULL,NULL,NULL,NULL),
("4128","13","133",NULL,NULL,NULL,NULL),
("4129","14","133",NULL,NULL,NULL,NULL),
("4130","15","133",NULL,NULL,NULL,NULL),
("4131","16","133",NULL,NULL,NULL,NULL),
("4132","17","133",NULL,NULL,NULL,NULL),
("4133","18","133",NULL,NULL,NULL,NULL),
("4134","19","133",NULL,NULL,NULL,NULL),
("4135","20","133",NULL,NULL,NULL,NULL),
("4136","21","133",NULL,NULL,NULL,NULL),
("4137","22","133",NULL,NULL,NULL,NULL),
("4138","23","133",NULL,NULL,NULL,NULL),
("4139","24","133",NULL,NULL,NULL,NULL),
("4140","25","133",NULL,NULL,NULL,NULL),
("4141","26","133",NULL,NULL,NULL,NULL),
("4142","27","133",NULL,NULL,NULL,NULL),
("4143","28","133",NULL,NULL,NULL,NULL),
("4144","29","133",NULL,NULL,NULL,NULL),
("4145","30","133",NULL,NULL,NULL,NULL),
("4146","31","133",NULL,NULL,NULL,NULL),
("4147","32","133",NULL,NULL,NULL,NULL),
("4148","33","133",NULL,NULL,NULL,NULL),
("4149","34","133",NULL,NULL,NULL,NULL),
("4150","35","133",NULL,NULL,NULL,NULL),
("4151","36","133",NULL,NULL,NULL,NULL),
("4152","37","133","1166","62","1",NULL),
("4153","38","133",NULL,NULL,NULL,NULL),
("4154","39","133",NULL,NULL,NULL,NULL),
("4155","40","133",NULL,NULL,NULL,NULL),
("4156","41","133",NULL,NULL,NULL,NULL),
("4157","42","133",NULL,NULL,NULL,NULL),
("4158","43","133",NULL,NULL,NULL,NULL),
("4159","44","133",NULL,NULL,NULL,NULL),
("4160","45","133",NULL,NULL,NULL,NULL),
("4161","46","133",NULL,NULL,NULL,NULL),
("4162","47","133",NULL,NULL,NULL,NULL),
("4163","48","133",NULL,NULL,NULL,NULL),
("4164","1","135",NULL,NULL,NULL,NULL),
("4165","2","135",NULL,NULL,NULL,NULL),
("4166","3","135",NULL,NULL,NULL,NULL),
("4167","4","135",NULL,NULL,NULL,NULL),
("4168","5","135",NULL,NULL,NULL,NULL),
("4169","6","135",NULL,NULL,NULL,NULL),
("4170","7","135",NULL,NULL,NULL,NULL),
("4171","8","135",NULL,NULL,NULL,NULL),
("4172","9","135",NULL,NULL,NULL,NULL),
("4173","10","135","1120","61","1",NULL),
("4174","11","135",NULL,NULL,NULL,NULL),
("4175","12","135",NULL,NULL,NULL,NULL),
("4176","13","135",NULL,NULL,NULL,NULL),
("4177","14","135",NULL,NULL,NULL,NULL),
("4178","15","135",NULL,NULL,NULL,NULL),
("4179","16","135",NULL,NULL,NULL,NULL),
("4180","17","135",NULL,NULL,NULL,NULL),
("4181","18","135",NULL,NULL,NULL,NULL),
("4182","19","135",NULL,NULL,NULL,NULL),
("4183","20","135",NULL,NULL,NULL,NULL),
("4184","21","135",NULL,NULL,NULL,NULL),
("4185","22","135",NULL,NULL,NULL,NULL),
("4186","23","135",NULL,NULL,NULL,NULL),
("4187","24","135",NULL,NULL,NULL,NULL),
("4188","25","135",NULL,NULL,NULL,NULL),
("4189","26","135",NULL,NULL,NULL,NULL),
("4190","27","135",NULL,NULL,NULL,NULL),
("4191","28","135",NULL,NULL,NULL,NULL),
("4192","29","135",NULL,NULL,NULL,NULL),
("4193","30","135",NULL,NULL,NULL,NULL),
("4194","31","135",NULL,NULL,NULL,NULL),
("4195","32","135",NULL,NULL,NULL,NULL),
("4196","33","135",NULL,NULL,NULL,NULL),
("4197","34","135",NULL,NULL,NULL,NULL),
("4198","35","135",NULL,NULL,NULL,NULL),
("4199","36","135",NULL,NULL,NULL,NULL),
("4200","37","135","1026","58","1",NULL),
("4201","38","135",NULL,NULL,NULL,NULL),
("4202","39","135",NULL,NULL,NULL,NULL),
("4203","40","135",NULL,NULL,NULL,NULL),
("4204","41","135",NULL,NULL,NULL,NULL),
("4205","42","135",NULL,NULL,NULL,NULL),
("4206","43","135",NULL,NULL,NULL,NULL),
("4207","44","135",NULL,NULL,NULL,NULL),
("4208","45","135",NULL,NULL,NULL,NULL),
("4209","46","135",NULL,NULL,NULL,NULL),
("4210","47","135",NULL,NULL,NULL,NULL),
("4211","48","135",NULL,NULL,NULL,NULL),
("4212","1","136",NULL,NULL,NULL,NULL),
("4213","2","136",NULL,NULL,NULL,NULL),
("4214","3","136",NULL,NULL,NULL,NULL),
("4215","4","136",NULL,NULL,NULL,NULL),
("4216","5","136",NULL,NULL,NULL,NULL),
("4217","6","136",NULL,NULL,NULL,NULL),
("4218","7","136",NULL,NULL,NULL,NULL),
("4219","8","136",NULL,NULL,NULL,NULL),
("4220","9","136",NULL,NULL,NULL,NULL),
("4221","10","136",NULL,NULL,NULL,NULL),
("4222","11","136",NULL,NULL,NULL,NULL),
("4223","12","136",NULL,NULL,NULL,NULL),
("4224","13","136",NULL,NULL,NULL,NULL),
("4225","14","136",NULL,NULL,NULL,NULL),
("4226","15","136",NULL,NULL,NULL,NULL),
("4227","16","136",NULL,NULL,NULL,NULL),
("4228","17","136",NULL,NULL,NULL,NULL),
("4229","18","136",NULL,NULL,NULL,NULL),
("4230","19","136",NULL,NULL,NULL,NULL),
("4231","20","136",NULL,NULL,NULL,NULL),
("4232","21","136",NULL,NULL,NULL,NULL),
("4233","22","136",NULL,NULL,NULL,NULL),
("4234","23","136",NULL,NULL,NULL,NULL),
("4235","24","136",NULL,NULL,NULL,NULL),
("4236","25","136",NULL,NULL,NULL,NULL),
("4237","26","136",NULL,NULL,NULL,NULL),
("4238","27","136",NULL,NULL,NULL,NULL),
("4239","28","136",NULL,NULL,NULL,NULL),
("4240","29","136",NULL,NULL,NULL,NULL),
("4241","30","136",NULL,NULL,NULL,NULL),
("4242","31","136",NULL,NULL,NULL,NULL),
("4243","32","136",NULL,NULL,NULL,NULL),
("4244","33","136",NULL,NULL,NULL,NULL),
("4245","34","136",NULL,NULL,NULL,NULL),
("4246","35","136",NULL,NULL,NULL,NULL),
("4247","36","136",NULL,NULL,NULL,NULL),
("4248","37","136",NULL,NULL,NULL,NULL),
("4249","38","136",NULL,NULL,NULL,NULL),
("4250","39","136",NULL,NULL,NULL,NULL),
("4251","40","136",NULL,NULL,NULL,NULL),
("4252","41","136",NULL,NULL,NULL,NULL),
("4253","42","136",NULL,NULL,NULL,NULL),
("4254","43","136",NULL,NULL,NULL,NULL),
("4255","44","136",NULL,NULL,NULL,NULL),
("4256","45","136",NULL,NULL,NULL,NULL),
("4257","46","136",NULL,NULL,NULL,NULL),
("4258","47","136",NULL,NULL,NULL,NULL),
("4259","48","136",NULL,NULL,NULL,NULL),
("4332","1",NULL,NULL,NULL,NULL,NULL),
("4333","2",NULL,NULL,NULL,NULL,NULL),
("4334","3",NULL,NULL,NULL,NULL,NULL),
("4335","4",NULL,NULL,NULL,NULL,NULL),
("4336","5",NULL,NULL,NULL,NULL,NULL),
("4337","6",NULL,NULL,NULL,NULL,NULL),
("4338","7",NULL,NULL,NULL,NULL,NULL),
("4339","8",NULL,NULL,NULL,NULL,NULL),
("4340","9",NULL,NULL,NULL,NULL,NULL),
("4341","10",NULL,NULL,NULL,NULL,NULL),
("4342","11",NULL,NULL,NULL,NULL,NULL),
("4343","12",NULL,NULL,NULL,NULL,NULL),
("4344","13",NULL,NULL,NULL,NULL,NULL),
("4345","14",NULL,NULL,NULL,NULL,NULL),
("4346","15",NULL,NULL,NULL,NULL,NULL),
("4347","16",NULL,NULL,NULL,NULL,NULL),
("4348","17",NULL,NULL,NULL,NULL,NULL),
("4349","18",NULL,NULL,NULL,NULL,NULL),
("4350","19",NULL,NULL,NULL,NULL,NULL),
("4351","20",NULL,NULL,NULL,NULL,NULL),
("4352","21",NULL,NULL,NULL,NULL,NULL),
("4353","22",NULL,NULL,NULL,NULL,NULL),
("4354","23",NULL,NULL,NULL,NULL,NULL),
("4355","24",NULL,NULL,NULL,NULL,NULL),
("4356","25",NULL,NULL,NULL,NULL,NULL),
("4357","26",NULL,NULL,NULL,NULL,NULL),
("4358","27",NULL,NULL,NULL,NULL,NULL),
("4359","28",NULL,NULL,NULL,NULL,NULL),
("4360","29",NULL,NULL,NULL,NULL,NULL),
("4361","30",NULL,NULL,NULL,NULL,NULL),
("4362","31",NULL,NULL,NULL,NULL,NULL),
("4363","32",NULL,NULL,NULL,NULL,NULL),
("4364","33",NULL,NULL,NULL,NULL,NULL),
("4365","34",NULL,NULL,NULL,NULL,NULL),
("4366","35",NULL,NULL,NULL,NULL,NULL),
("4367","36",NULL,NULL,NULL,NULL,NULL),
("4368","37",NULL,NULL,NULL,NULL,NULL),
("4369","38",NULL,NULL,NULL,NULL,NULL),
("4370","39",NULL,NULL,NULL,NULL,NULL),
("4371","40",NULL,NULL,NULL,NULL,NULL),
("4372","41",NULL,NULL,NULL,NULL,NULL),
("4373","42",NULL,NULL,NULL,NULL,NULL),
("4374","43",NULL,NULL,NULL,NULL,NULL),
("4375","44",NULL,NULL,NULL,NULL,NULL),
("4376","45",NULL,NULL,NULL,NULL,NULL),
("4377","46",NULL,NULL,NULL,NULL,NULL),
("4378","47",NULL,NULL,NULL,NULL,NULL),
("4379","48",NULL,NULL,NULL,NULL,NULL),
("4404","1","141",NULL,NULL,NULL,"34"),
("4405","2","141",NULL,NULL,NULL,"34"),
("4406","3","141",NULL,NULL,NULL,"34"),
("4407","4","141",NULL,NULL,NULL,"34"),
("4408","5","141",NULL,NULL,NULL,"34"),
("4409","6","141",NULL,NULL,NULL,"34"),
("4410","7","141",NULL,NULL,NULL,"34"),
("4411","8","141",NULL,NULL,NULL,"34"),
("4412","9","141",NULL,NULL,NULL,"34"),
("4413","10","141",NULL,NULL,NULL,"34"),
("4414","11","141",NULL,NULL,NULL,"34"),
("4415","12","141",NULL,NULL,NULL,"34"),
("4416","13","141",NULL,NULL,NULL,"34"),
("4417","14","141",NULL,NULL,NULL,"34"),
("4418","15","141",NULL,NULL,NULL,"34"),
("4419","16","141",NULL,NULL,NULL,"34"),
("4420","17","141",NULL,NULL,NULL,"34"),
("4421","18","141",NULL,NULL,NULL,"34"),
("4422","19","141",NULL,NULL,NULL,"34"),
("4423","20","141",NULL,NULL,NULL,"34"),
("4424","21","141",NULL,NULL,NULL,"34"),
("4425","22","141",NULL,NULL,NULL,"34"),
("4426","23","141",NULL,NULL,NULL,"34"),
("4427","24","141",NULL,NULL,NULL,"34"),
("4428","25","141",NULL,NULL,NULL,"34"),
("4429","26","141",NULL,NULL,NULL,"34"),
("4430","27","141",NULL,NULL,NULL,"34"),
("4431","28","141",NULL,NULL,NULL,"34"),
("4432","29","141",NULL,NULL,NULL,"34"),
("4433","30","141",NULL,NULL,NULL,"34"),
("4434","31","141",NULL,NULL,NULL,"34"),
("4435","32","141",NULL,NULL,NULL,"34"),
("4436","33","141",NULL,NULL,NULL,"34"),
("4437","34","141",NULL,NULL,NULL,"34"),
("4438","35","141",NULL,NULL,NULL,"34"),
("4439","36","141",NULL,NULL,NULL,"34"),
("4440","37","141",NULL,NULL,NULL,"34"),
("4441","38","141",NULL,NULL,NULL,"34"),
("4442","39","141",NULL,NULL,NULL,"34"),
("4443","40","141",NULL,NULL,NULL,"34"),
("4444","41","141",NULL,NULL,NULL,"34"),
("4445","42","141",NULL,NULL,NULL,"34"),
("4446","43","141",NULL,NULL,NULL,"34"),
("4447","44","141",NULL,NULL,NULL,"34"),
("4448","45","141",NULL,NULL,NULL,"34"),
("4449","46","141",NULL,NULL,NULL,"34"),
("4450","47","141","4499","142","3","34"),
("4451","48","141",NULL,NULL,NULL,"34"),
("4452","1","142",NULL,NULL,NULL,"34"),
("4453","2","142",NULL,NULL,"2","34"),
("4454","3","142",NULL,NULL,"2","34"),
("4455","4","142",NULL,NULL,"2","34"),
("4456","5","142",NULL,NULL,"2","34"),
("4457","6","142",NULL,NULL,"2","34"),
("4458","7","142","1409","70","1","34"),
("4459","8","142","1299","65","1","34"),
("4460","9","142","1382","69","1","34"),
("4461","10","142","1315","66","1","34"),
("4462","11","142","1388","69","1","34"),
("4463","12","142","1394","69","1","34"),
("4464","13","142","1340","67","1","34"),
("4465","14","142","1383","69","1","34"),
("4466","15","142","1391","69","1","34"),
("4467","16","142","1385","69","1","34"),
("4468","17","142","1337","67","1","34"),
("4469","18","142",NULL,NULL,"2","34"),
("4470","19","142",NULL,NULL,"2","34"),
("4471","20","142","1319","66","1","34"),
("4472","21","142","1325","66","1","34"),
("4473","22","142",NULL,NULL,"2","34"),
("4474","23","142",NULL,NULL,"2","34"),
("4475","24","142",NULL,NULL,"2","34"),
("4476","25","142",NULL,NULL,"2","34"),
("4477","26","142",NULL,NULL,"2","34"),
("4478","27","142",NULL,NULL,"2","34"),
("4479","28","142",NULL,NULL,"2","34"),
("4480","29","142",NULL,NULL,"2","34"),
("4481","30","142",NULL,NULL,"2","34"),
("4482","31","142",NULL,NULL,"2","34"),
("4483","32","142",NULL,NULL,"2","34"),
("4484","33","142",NULL,NULL,"2","34"),
("4485","34","142",NULL,NULL,"2","34"),
("4486","35","142",NULL,NULL,"2","34"),
("4487","36","142",NULL,NULL,"2","34"),
("4488","37","142",NULL,NULL,"2","34"),
("4489","38","142",NULL,NULL,"2","34"),
("4490","39","142",NULL,NULL,"2","34"),
("4491","40","142",NULL,NULL,"2","34"),
("4492","41","142",NULL,NULL,"2","34"),
("4493","42","142",NULL,NULL,"2","34"),
("4494","43","142",NULL,NULL,"2","34"),
("4495","44","142",NULL,NULL,"2","34"),
("4496","45","142",NULL,NULL,"2","34"),
("4497","46","142",NULL,NULL,"2","34"),
("4498","47","142",NULL,NULL,"2","34"),
("4499","48","142",NULL,"142","3","34"),
("4500","1","143",NULL,NULL,NULL,"36"),
("4501","2","143",NULL,NULL,NULL,"36"),
("4502","3","143",NULL,NULL,NULL,"36"),
("4503","4","143",NULL,NULL,NULL,"36"),
("4504","5","143",NULL,NULL,NULL,"36"),
("4505","6","143",NULL,NULL,NULL,"36"),
("4506","7","143",NULL,NULL,NULL,"36"),
("4507","8","143",NULL,NULL,NULL,"36"),
("4508","9","143",NULL,NULL,NULL,"36"),
("4509","10","143",NULL,NULL,NULL,"36"),
("4510","11","143",NULL,NULL,NULL,"36"),
("4511","12","143",NULL,NULL,NULL,"36"),
("4512","13","143",NULL,NULL,NULL,"36"),
("4513","14","143",NULL,NULL,NULL,"36"),
("4514","15","143",NULL,NULL,NULL,"36"),
("4515","16","143",NULL,NULL,NULL,"36"),
("4516","17","143",NULL,NULL,NULL,"36"),
("4517","18","143",NULL,NULL,NULL,"36"),
("4518","19","143",NULL,NULL,NULL,"36"),
("4519","20","143",NULL,NULL,NULL,"36"),
("4520","21","143",NULL,NULL,NULL,"36"),
("4521","22","143",NULL,NULL,NULL,"36"),
("4522","23","143",NULL,NULL,NULL,"36"),
("4523","24","143",NULL,NULL,NULL,"36"),
("4524","25","143",NULL,NULL,NULL,"36"),
("4525","26","143",NULL,NULL,NULL,"36"),
("4526","27","143",NULL,NULL,NULL,"36"),
("4527","28","143",NULL,NULL,NULL,"36"),
("4528","29","143",NULL,NULL,NULL,"36"),
("4529","30","143",NULL,NULL,NULL,"36"),
("4530","31","143",NULL,NULL,NULL,"36"),
("4531","32","143",NULL,NULL,NULL,"36"),
("4532","33","143",NULL,NULL,NULL,"36"),
("4533","34","143",NULL,NULL,NULL,"36"),
("4534","35","143",NULL,NULL,NULL,"36"),
("4535","36","143",NULL,NULL,NULL,"36"),
("4536","37","143",NULL,NULL,NULL,"36"),
("4537","38","143",NULL,NULL,NULL,"36"),
("4538","39","143",NULL,NULL,NULL,"36"),
("4539","40","143",NULL,NULL,NULL,"36"),
("4540","41","143",NULL,NULL,NULL,"36"),
("4541","42","143",NULL,NULL,NULL,"36"),
("4542","43","143",NULL,NULL,NULL,"36"),
("4543","44","143",NULL,NULL,NULL,"36"),
("4544","45","143",NULL,NULL,NULL,"36"),
("4545","46","143",NULL,NULL,NULL,"36"),
("4546","47","143",NULL,NULL,NULL,"36"),
("4547","48","143",NULL,NULL,NULL,"36"),
("4548","1","144",NULL,NULL,NULL,"36"),
("4549","2","144",NULL,NULL,NULL,"36"),
("4550","3","144",NULL,NULL,NULL,"36"),
("4551","4","144",NULL,NULL,NULL,"36"),
("4552","5","144",NULL,NULL,NULL,"36"),
("4553","6","144",NULL,NULL,NULL,"36"),
("4554","7","144",NULL,NULL,NULL,"36"),
("4555","8","144",NULL,NULL,NULL,"36"),
("4556","9","144",NULL,NULL,NULL,"36"),
("4557","10","144",NULL,NULL,NULL,"36"),
("4558","11","144",NULL,NULL,NULL,"36"),
("4559","12","144",NULL,NULL,NULL,"36"),
("4560","13","144",NULL,NULL,NULL,"36"),
("4561","14","144",NULL,NULL,NULL,"36"),
("4562","15","144",NULL,NULL,NULL,"36"),
("4563","16","144",NULL,NULL,NULL,"36"),
("4564","17","144",NULL,NULL,NULL,"36"),
("4565","18","144",NULL,NULL,NULL,"36"),
("4566","19","144",NULL,NULL,NULL,"36"),
("4567","20","144",NULL,NULL,NULL,"36"),
("4568","21","144",NULL,NULL,NULL,"36"),
("4569","22","144",NULL,NULL,NULL,"36"),
("4570","23","144",NULL,NULL,NULL,"36"),
("4571","24","144",NULL,NULL,NULL,"36"),
("4572","25","144",NULL,NULL,NULL,"36"),
("4573","26","144",NULL,NULL,NULL,"36"),
("4574","27","144",NULL,NULL,NULL,"36"),
("4575","28","144",NULL,NULL,NULL,"36"),
("4576","29","144",NULL,NULL,NULL,"36"),
("4577","30","144",NULL,NULL,NULL,"36"),
("4578","31","144",NULL,NULL,NULL,"36"),
("4579","32","144",NULL,NULL,NULL,"36"),
("4580","33","144",NULL,NULL,NULL,"36"),
("4581","34","144",NULL,NULL,NULL,"36"),
("4582","35","144",NULL,NULL,NULL,"36"),
("4583","36","144",NULL,NULL,NULL,"36"),
("4584","37","144",NULL,NULL,NULL,"36"),
("4585","38","144",NULL,NULL,NULL,"36"),
("4586","39","144",NULL,NULL,NULL,"36"),
("4587","40","144",NULL,NULL,NULL,"36"),
("4588","41","144",NULL,NULL,NULL,"36"),
("4589","42","144",NULL,NULL,NULL,"36"),
("4590","43","144",NULL,NULL,NULL,"36"),
("4591","44","144",NULL,NULL,NULL,"36"),
("4592","45","144",NULL,NULL,NULL,"36"),
("4593","46","144",NULL,NULL,NULL,"36"),
("4594","47","144",NULL,NULL,NULL,"36"),
("4595","48","144",NULL,NULL,NULL,"36"),
("4788","1",NULL,NULL,NULL,NULL,NULL),
("4789","2",NULL,NULL,NULL,NULL,NULL),
("4790","3",NULL,NULL,NULL,NULL,NULL),
("4791","4",NULL,NULL,NULL,NULL,NULL),
("4792","5",NULL,NULL,NULL,NULL,NULL),
("4793","6",NULL,NULL,NULL,NULL,NULL),
("4794","7",NULL,NULL,NULL,NULL,NULL),
("4795","8",NULL,NULL,NULL,NULL,NULL),
("4796","9",NULL,NULL,NULL,NULL,NULL),
("4797","10",NULL,NULL,NULL,NULL,NULL),
("4798","11",NULL,NULL,NULL,NULL,NULL),
("4799","12",NULL,NULL,NULL,NULL,NULL),
("4800","13",NULL,NULL,NULL,NULL,NULL),
("4801","14",NULL,NULL,NULL,NULL,NULL),
("4802","15",NULL,NULL,NULL,NULL,NULL),
("4803","16",NULL,NULL,NULL,NULL,NULL),
("4804","17",NULL,NULL,NULL,NULL,NULL),
("4805","18",NULL,NULL,NULL,NULL,NULL),
("4806","19",NULL,NULL,NULL,NULL,NULL),
("4807","20",NULL,NULL,NULL,NULL,NULL),
("4808","21",NULL,NULL,NULL,NULL,NULL),
("4809","22",NULL,NULL,NULL,NULL,NULL),
("4810","23",NULL,NULL,NULL,NULL,NULL),
("4811","24",NULL,NULL,NULL,NULL,NULL),
("4812","25",NULL,NULL,NULL,NULL,NULL),
("4813","26",NULL,NULL,NULL,NULL,NULL),
("4814","27",NULL,NULL,NULL,NULL,NULL),
("4815","28",NULL,NULL,NULL,NULL,NULL),
("4816","29",NULL,NULL,NULL,NULL,NULL),
("4817","30",NULL,NULL,NULL,NULL,NULL),
("4818","31",NULL,NULL,NULL,NULL,NULL),
("4819","32",NULL,NULL,NULL,NULL,NULL),
("4820","33",NULL,NULL,NULL,NULL,NULL),
("4821","34",NULL,NULL,NULL,NULL,NULL),
("4822","35",NULL,NULL,NULL,NULL,NULL),
("4823","36",NULL,NULL,NULL,NULL,NULL),
("4824","37",NULL,NULL,NULL,NULL,NULL),
("4825","38",NULL,NULL,NULL,NULL,NULL),
("4826","39",NULL,NULL,NULL,NULL,NULL),
("4827","40",NULL,NULL,NULL,NULL,NULL),
("4828","41",NULL,NULL,NULL,NULL,NULL),
("4829","42",NULL,NULL,NULL,NULL,NULL),
("4830","43",NULL,NULL,NULL,NULL,NULL),
("4831","44",NULL,NULL,NULL,NULL,NULL),
("4832","45",NULL,NULL,NULL,NULL,NULL),
("4833","46",NULL,NULL,NULL,NULL,NULL),
("4834","47",NULL,NULL,NULL,NULL,NULL),
("4835","48",NULL,NULL,NULL,NULL,NULL),
("4884","1","151","46535","129","1","37"),
("4885","2","151",NULL,NULL,NULL,"37"),
("4886","3","151",NULL,NULL,NULL,"37"),
("4887","4","151",NULL,NULL,NULL,"37"),
("4888","5","151",NULL,NULL,NULL,"37"),
("4889","6","151",NULL,NULL,NULL,"37"),
("4890","7","151",NULL,NULL,NULL,"37"),
("4891","8","151",NULL,NULL,NULL,"37"),
("4892","9","151",NULL,NULL,NULL,"37"),
("4893","10","151",NULL,NULL,NULL,"37"),
("4894","11","151",NULL,NULL,NULL,"37"),
("4895","12","151",NULL,NULL,NULL,"37"),
("4896","13","151",NULL,NULL,NULL,"37"),
("4897","14","151",NULL,NULL,NULL,"37"),
("4898","15","151",NULL,NULL,NULL,"37"),
("4899","16","151",NULL,NULL,NULL,"37"),
("4900","17","151",NULL,NULL,NULL,"37"),
("4901","18","151",NULL,NULL,NULL,"37"),
("4902","19","151",NULL,NULL,NULL,"37"),
("4903","20","151",NULL,NULL,NULL,"37"),
("4904","21","151",NULL,NULL,NULL,"37"),
("4905","22","151",NULL,NULL,NULL,"37"),
("4906","23","151",NULL,NULL,NULL,"37"),
("4907","24","151",NULL,NULL,NULL,"37"),
("4908","25","151",NULL,NULL,NULL,"37"),
("4909","26","151",NULL,NULL,NULL,"37"),
("4910","27","151",NULL,NULL,NULL,"37"),
("4911","28","151",NULL,NULL,NULL,"37"),
("4912","29","151",NULL,NULL,NULL,"37"),
("4913","30","151",NULL,NULL,NULL,"37"),
("4914","31","151",NULL,NULL,NULL,"37"),
("4915","32","151",NULL,NULL,NULL,"37"),
("4916","33","151",NULL,NULL,NULL,"37"),
("4917","34","151",NULL,NULL,NULL,"37"),
("4918","35","151",NULL,NULL,NULL,"37"),
("4919","36","151",NULL,NULL,NULL,"37"),
("4920","37","151",NULL,NULL,NULL,"37"),
("4921","38","151","46546","129","1","37"),
("4922","39","151",NULL,NULL,NULL,"37"),
("4923","40","151",NULL,NULL,NULL,"37"),
("4924","41","151",NULL,NULL,NULL,"37"),
("4925","42","151",NULL,NULL,NULL,"37"),
("4926","43","151",NULL,NULL,NULL,"37"),
("4927","44","151",NULL,NULL,NULL,"37"),
("4928","45","151",NULL,NULL,NULL,"37"),
("4929","46","151",NULL,NULL,NULL,"37"),
("4930","47","151",NULL,NULL,NULL,"37"),
("4931","48","151",NULL,NULL,NULL,"37"),
("4932","1","152",NULL,NULL,NULL,"37"),
("4933","2","152",NULL,NULL,NULL,"37"),
("4934","3","152",NULL,NULL,NULL,"37"),
("4935","4","152",NULL,NULL,NULL,"37"),
("4936","5","152",NULL,NULL,NULL,"37"),
("4937","6","152",NULL,NULL,NULL,"37"),
("4938","7","152",NULL,NULL,NULL,"37"),
("4939","8","152",NULL,NULL,NULL,"37"),
("4940","9","152",NULL,NULL,NULL,"37"),
("4941","10","152",NULL,NULL,NULL,"37"),
("4942","11","152",NULL,NULL,NULL,"37"),
("4943","12","152",NULL,NULL,NULL,"37"),
("4944","13","152",NULL,NULL,NULL,"37"),
("4945","14","152",NULL,NULL,NULL,"37"),
("4946","15","152",NULL,NULL,NULL,"37"),
("4947","16","152",NULL,NULL,NULL,"37"),
("4948","17","152",NULL,NULL,NULL,"37"),
("4949","18","152",NULL,NULL,NULL,"37"),
("4950","19","152",NULL,NULL,NULL,"37"),
("4951","20","152",NULL,NULL,NULL,"37"),
("4952","21","152",NULL,NULL,NULL,"37"),
("4953","22","152",NULL,NULL,NULL,"37"),
("4954","23","152",NULL,NULL,NULL,"37"),
("4955","24","152",NULL,NULL,NULL,"37"),
("4956","25","152",NULL,NULL,NULL,"37"),
("4957","26","152",NULL,NULL,NULL,"37"),
("4958","27","152",NULL,NULL,NULL,"37"),
("4959","28","152",NULL,NULL,NULL,"37"),
("4960","29","152",NULL,NULL,NULL,"37"),
("4961","30","152",NULL,NULL,NULL,"37"),
("4962","31","152",NULL,NULL,NULL,"37"),
("4963","32","152",NULL,NULL,NULL,"37"),
("4964","33","152",NULL,NULL,NULL,"37"),
("4965","34","152",NULL,NULL,NULL,"37"),
("4966","35","152",NULL,NULL,NULL,"37"),
("4967","36","152",NULL,NULL,NULL,"37"),
("4968","37","152",NULL,NULL,NULL,"37"),
("4969","38","152",NULL,NULL,NULL,"37"),
("4970","39","152",NULL,NULL,NULL,"37"),
("4971","40","152",NULL,NULL,NULL,"37"),
("4972","41","152",NULL,NULL,NULL,"37"),
("4973","42","152",NULL,NULL,NULL,"37"),
("4974","43","152",NULL,NULL,NULL,"37"),
("4975","44","152",NULL,NULL,NULL,"37"),
("4976","45","152",NULL,NULL,NULL,"37"),
("4977","46","152",NULL,NULL,NULL,"37"),
("4978","47","152",NULL,NULL,NULL,"37"),
("4979","48","152",NULL,NULL,NULL,"37"),
("4980","1","153",NULL,NULL,NULL,"37"),
("4981","2","153",NULL,NULL,NULL,"37"),
("4982","3","153",NULL,NULL,NULL,"37"),
("4983","4","153",NULL,NULL,NULL,"37"),
("4984","5","153",NULL,NULL,NULL,"37"),
("4985","6","153",NULL,NULL,NULL,"37"),
("4986","7","153",NULL,NULL,NULL,"37"),
("4987","8","153",NULL,NULL,NULL,"37"),
("4988","9","153",NULL,NULL,NULL,"37"),
("4989","10","153",NULL,NULL,NULL,"37"),
("4990","11","153",NULL,NULL,NULL,"37"),
("4991","12","153",NULL,NULL,NULL,"37"),
("4992","13","153",NULL,NULL,NULL,"37"),
("4993","14","153",NULL,NULL,NULL,"37"),
("4994","15","153",NULL,NULL,NULL,"37"),
("4995","16","153",NULL,NULL,NULL,"37"),
("4996","17","153",NULL,NULL,NULL,"37"),
("4997","18","153",NULL,NULL,NULL,"37"),
("4998","19","153",NULL,NULL,NULL,"37"),
("4999","20","153",NULL,NULL,NULL,"37"),
("5000","21","153",NULL,NULL,NULL,"37"),
("5001","22","153",NULL,NULL,NULL,"37"),
("5002","23","153",NULL,NULL,NULL,"37"),
("5003","24","153",NULL,NULL,NULL,"37"),
("5004","25","153",NULL,NULL,NULL,"37"),
("5005","26","153",NULL,NULL,NULL,"37"),
("5006","27","153",NULL,NULL,NULL,"37"),
("5007","28","153",NULL,NULL,NULL,"37"),
("5008","29","153",NULL,NULL,NULL,"37"),
("5009","30","153",NULL,NULL,NULL,"37"),
("5010","31","153",NULL,NULL,NULL,"37"),
("5011","32","153",NULL,NULL,NULL,"37"),
("5012","33","153",NULL,NULL,NULL,"37"),
("5013","34","153",NULL,NULL,NULL,"37"),
("5014","35","153",NULL,NULL,NULL,"37"),
("5015","36","153",NULL,NULL,NULL,"37"),
("5016","37","153",NULL,NULL,NULL,"37"),
("5017","38","153",NULL,NULL,NULL,"37"),
("5018","39","153",NULL,NULL,NULL,"37"),
("5019","40","153",NULL,NULL,NULL,"37"),
("5020","41","153",NULL,NULL,NULL,"37"),
("5021","42","153",NULL,NULL,NULL,"37"),
("5022","43","153",NULL,NULL,NULL,"37"),
("5023","44","153",NULL,NULL,NULL,"37"),
("5024","45","153",NULL,NULL,NULL,"37"),
("5025","46","153",NULL,NULL,NULL,"37"),
("5026","47","153",NULL,NULL,NULL,"37"),
("5027","48","153",NULL,NULL,NULL,"37"),
("5220","1","158",NULL,NULL,NULL,"39"),
("5221","2","158",NULL,NULL,NULL,"39"),
("5222","3","158",NULL,NULL,NULL,"39"),
("5223","4","158",NULL,NULL,NULL,"39"),
("5224","5","158",NULL,NULL,NULL,"39"),
("5225","6","158",NULL,NULL,NULL,"39"),
("5226","7","158",NULL,NULL,NULL,"39"),
("5227","8","158",NULL,NULL,NULL,"39"),
("5228","9","158",NULL,NULL,NULL,"39"),
("5229","10","158",NULL,NULL,NULL,"39"),
("5230","11","158",NULL,NULL,NULL,"39"),
("5231","12","158",NULL,NULL,NULL,"39"),
("5232","13","158",NULL,NULL,NULL,"39"),
("5233","14","158",NULL,NULL,NULL,"39"),
("5234","15","158",NULL,NULL,NULL,"39"),
("5235","16","158",NULL,NULL,NULL,"39"),
("5236","17","158",NULL,NULL,NULL,"39"),
("5237","18","158",NULL,NULL,NULL,"39"),
("5238","19","158",NULL,NULL,NULL,"39"),
("5239","20","158",NULL,NULL,NULL,"39"),
("5240","21","158",NULL,NULL,NULL,"39"),
("5241","22","158",NULL,NULL,NULL,"39"),
("5242","23","158",NULL,NULL,NULL,"39"),
("5243","24","158",NULL,NULL,NULL,"39"),
("5244","1","159",NULL,NULL,NULL,"39"),
("5245","2","159",NULL,NULL,NULL,"39"),
("5246","3","159",NULL,NULL,NULL,"39"),
("5247","4","159",NULL,NULL,NULL,"39"),
("5248","5","159",NULL,NULL,NULL,"39"),
("5249","6","159",NULL,NULL,NULL,"39"),
("5250","7","159",NULL,NULL,NULL,"39"),
("5251","8","159",NULL,NULL,NULL,"39"),
("5252","9","159",NULL,NULL,NULL,"39"),
("5253","10","159",NULL,NULL,NULL,"39"),
("5254","11","159",NULL,NULL,NULL,"39"),
("5255","12","159",NULL,NULL,NULL,"39"),
("5256","13","159",NULL,NULL,NULL,"39"),
("5257","14","159",NULL,NULL,NULL,"39"),
("5258","15","159",NULL,NULL,NULL,"39"),
("5259","16","159",NULL,NULL,NULL,"39"),
("5260","17","159",NULL,NULL,NULL,"39"),
("5261","18","159",NULL,NULL,NULL,"39"),
("5262","19","159",NULL,NULL,NULL,"39"),
("5263","20","159",NULL,NULL,NULL,"39"),
("5264","21","159",NULL,NULL,NULL,"39"),
("5265","22","159",NULL,NULL,NULL,"39"),
("5266","23","159",NULL,NULL,NULL,"39"),
("5267","24","159",NULL,NULL,NULL,"39"),
("5268","1","160",NULL,NULL,NULL,"39"),
("5269","2","160",NULL,NULL,NULL,"39"),
("5270","3","160",NULL,NULL,NULL,"39"),
("5271","4","160",NULL,NULL,NULL,"39"),
("5272","5","160",NULL,NULL,NULL,"39"),
("5273","6","160",NULL,NULL,NULL,"39"),
("5274","7","160",NULL,NULL,NULL,"39"),
("5275","8","160",NULL,NULL,NULL,"39"),
("5276","9","160",NULL,NULL,NULL,"39"),
("5277","10","160",NULL,NULL,NULL,"39"),
("5278","11","160",NULL,NULL,NULL,"39"),
("5279","12","160",NULL,NULL,NULL,"39"),
("5280","13","160",NULL,NULL,NULL,"39"),
("5281","14","160",NULL,NULL,NULL,"39"),
("5282","15","160",NULL,NULL,NULL,"39"),
("5283","16","160",NULL,NULL,NULL,"39"),
("5284","17","160",NULL,NULL,NULL,"39"),
("5285","18","160",NULL,NULL,NULL,"39"),
("5286","19","160",NULL,NULL,NULL,"39"),
("5287","20","160",NULL,NULL,NULL,"39"),
("5288","21","160",NULL,NULL,NULL,"39"),
("5289","22","160",NULL,NULL,NULL,"39"),
("5290","23","160",NULL,NULL,NULL,"39"),
("5291","24","160",NULL,NULL,NULL,"39"),
("5292","25","160",NULL,NULL,NULL,"39"),
("5293","26","160",NULL,NULL,NULL,"39"),
("5294","27","160",NULL,NULL,NULL,"39"),
("5295","28","160",NULL,NULL,NULL,"39"),
("5296","29","160",NULL,NULL,NULL,"39"),
("5297","30","160",NULL,NULL,NULL,"39"),
("5298","31","160",NULL,NULL,NULL,"39"),
("5299","32","160",NULL,NULL,NULL,"39"),
("5300","33","160",NULL,NULL,NULL,"39"),
("5301","34","160",NULL,NULL,NULL,"39"),
("5302","35","160",NULL,NULL,NULL,"39"),
("5303","36","160",NULL,NULL,NULL,"39"),
("5304","37","160",NULL,NULL,NULL,"39"),
("5305","38","160",NULL,NULL,NULL,"39"),
("5306","39","160",NULL,NULL,NULL,"39"),
("5307","40","160",NULL,NULL,NULL,"39"),
("5308","41","160",NULL,NULL,NULL,"39"),
("5309","42","160",NULL,NULL,NULL,"39"),
("5310","43","160",NULL,NULL,NULL,"39"),
("5311","44","160",NULL,NULL,NULL,"39"),
("5312","45","160",NULL,NULL,NULL,"39"),
("5313","46","160",NULL,NULL,NULL,"39"),
("5314","47","160",NULL,NULL,NULL,"39"),
("5315","48","160",NULL,NULL,NULL,"39"),
("5316","1","161",NULL,NULL,NULL,"40"),
("5317","2","161",NULL,NULL,NULL,"40"),
("5318","3","161",NULL,NULL,NULL,"40"),
("5319","4","161",NULL,NULL,NULL,"40"),
("5320","5","161",NULL,NULL,NULL,"40"),
("5321","6","161",NULL,NULL,NULL,"40"),
("5322","7","161",NULL,NULL,NULL,"40"),
("5323","8","161",NULL,NULL,NULL,"40"),
("5324","9","161",NULL,NULL,NULL,"40"),
("5325","10","161",NULL,NULL,NULL,"40"),
("5326","11","161",NULL,NULL,NULL,"40"),
("5327","12","161",NULL,NULL,NULL,"40"),
("5328","13","161",NULL,NULL,NULL,"40"),
("5329","14","161",NULL,NULL,NULL,"40"),
("5330","15","161",NULL,NULL,NULL,"40"),
("5331","16","161",NULL,NULL,NULL,"40"),
("5332","17","161",NULL,NULL,NULL,"40"),
("5333","18","161",NULL,NULL,NULL,"40"),
("5334","19","161",NULL,NULL,NULL,"40"),
("5335","20","161",NULL,NULL,NULL,"40"),
("5336","21","161",NULL,NULL,NULL,"40"),
("5337","22","161",NULL,NULL,NULL,"40"),
("5338","23","161",NULL,NULL,NULL,"40"),
("5339","24","161",NULL,NULL,NULL,"40"),
("5340","25","161",NULL,NULL,NULL,"40"),
("5341","26","161",NULL,NULL,NULL,"40"),
("5342","27","161",NULL,NULL,NULL,"40"),
("5343","28","161",NULL,NULL,NULL,"40"),
("5344","29","161",NULL,NULL,NULL,"40"),
("5345","30","161",NULL,NULL,NULL,"40"),
("5346","31","161",NULL,NULL,NULL,"40"),
("5347","32","161",NULL,NULL,NULL,"40"),
("5348","33","161",NULL,NULL,NULL,"40"),
("5349","34","161",NULL,NULL,NULL,"40"),
("5350","35","161",NULL,NULL,NULL,"40"),
("5351","36","161",NULL,NULL,NULL,"40"),
("5352","37","161",NULL,NULL,NULL,"40"),
("5353","38","161",NULL,NULL,NULL,"40"),
("5354","39","161",NULL,NULL,NULL,"40"),
("5355","40","161",NULL,NULL,NULL,"40"),
("5356","41","161",NULL,NULL,NULL,"40"),
("5357","42","161",NULL,NULL,NULL,"40"),
("5358","43","161",NULL,NULL,NULL,"40"),
("5359","44","161",NULL,NULL,NULL,"40"),
("5360","45","161",NULL,NULL,NULL,"40"),
("5361","46","161",NULL,NULL,NULL,"40"),
("5362","47","161",NULL,NULL,NULL,"40"),
("5363","48","161",NULL,NULL,NULL,"40"),
("5364","1","162",NULL,NULL,NULL,"40"),
("5365","2","162",NULL,NULL,NULL,"40"),
("5366","3","162",NULL,NULL,NULL,"40"),
("5367","4","162",NULL,NULL,NULL,"40"),
("5368","5","162",NULL,NULL,NULL,"40"),
("5369","6","162",NULL,NULL,NULL,"40"),
("5370","7","162",NULL,NULL,NULL,"40"),
("5371","8","162",NULL,NULL,NULL,"40"),
("5372","9","162",NULL,NULL,NULL,"40"),
("5373","10","162",NULL,NULL,NULL,"40"),
("5374","11","162",NULL,NULL,NULL,"40"),
("5375","12","162",NULL,NULL,NULL,"40"),
("5376","13","162",NULL,NULL,NULL,"40"),
("5377","14","162",NULL,NULL,NULL,"40"),
("5378","15","162",NULL,NULL,NULL,"40"),
("5379","16","162",NULL,NULL,NULL,"40"),
("5380","17","162",NULL,NULL,NULL,"40"),
("5381","18","162",NULL,NULL,NULL,"40"),
("5382","19","162",NULL,NULL,NULL,"40"),
("5383","20","162",NULL,NULL,NULL,"40"),
("5384","21","162",NULL,NULL,NULL,"40"),
("5385","22","162",NULL,NULL,NULL,"40"),
("5386","23","162",NULL,NULL,NULL,"40"),
("5387","24","162",NULL,NULL,NULL,"40"),
("5388","1","163",NULL,NULL,NULL,"40"),
("5389","2","163",NULL,NULL,NULL,"40"),
("5390","3","163",NULL,NULL,NULL,"40"),
("5391","4","163",NULL,NULL,NULL,"40"),
("5392","5","163",NULL,NULL,NULL,"40"),
("5393","6","163",NULL,NULL,NULL,"40"),
("5394","7","163",NULL,NULL,NULL,"40"),
("5395","8","163",NULL,NULL,NULL,"40"),
("5396","9","163",NULL,NULL,NULL,"40"),
("5397","10","163",NULL,NULL,NULL,"40"),
("5398","11","163",NULL,NULL,NULL,"40"),
("5399","12","163",NULL,NULL,NULL,"40"),
("5400","13","163",NULL,NULL,NULL,"40"),
("5401","14","163",NULL,NULL,NULL,"40"),
("5402","15","163",NULL,NULL,NULL,"40"),
("5403","16","163",NULL,NULL,NULL,"40"),
("5404","17","163",NULL,NULL,NULL,"40"),
("5405","18","163",NULL,NULL,NULL,"40"),
("5406","19","163",NULL,NULL,NULL,"40"),
("5407","20","163",NULL,NULL,NULL,"40"),
("5408","21","163",NULL,NULL,NULL,"40"),
("5409","22","163",NULL,NULL,NULL,"40"),
("5410","23","163",NULL,NULL,NULL,"40"),
("5411","24","163",NULL,NULL,NULL,"40"),
("5412","25","163",NULL,NULL,NULL,"40"),
("5413","26","163",NULL,NULL,NULL,"40"),
("5414","27","163",NULL,NULL,NULL,"40"),
("5415","28","163",NULL,NULL,NULL,"40"),
("5416","29","163",NULL,NULL,NULL,"40"),
("5417","30","163",NULL,NULL,NULL,"40"),
("5418","31","163",NULL,NULL,NULL,"40"),
("5419","32","163",NULL,NULL,NULL,"40"),
("5420","33","163",NULL,NULL,NULL,"40"),
("5421","34","163",NULL,NULL,NULL,"40"),
("5422","35","163",NULL,NULL,NULL,"40"),
("5423","36","163",NULL,NULL,NULL,"40"),
("5424","37","163",NULL,NULL,NULL,"40"),
("5425","38","163",NULL,NULL,NULL,"40"),
("5426","39","163",NULL,NULL,NULL,"40"),
("5427","40","163",NULL,NULL,NULL,"40"),
("5428","41","163",NULL,NULL,NULL,"40"),
("5429","42","163",NULL,NULL,NULL,"40"),
("5430","43","163",NULL,NULL,NULL,"40"),
("5431","44","163",NULL,NULL,NULL,"40"),
("5432","45","163",NULL,NULL,NULL,"40"),
("5433","46","163",NULL,NULL,NULL,"40"),
("5434","47","163",NULL,NULL,NULL,"40"),
("5435","48","163",NULL,NULL,NULL,"40"),
("5436","1","164",NULL,NULL,NULL,"41"),
("5437","2","164",NULL,NULL,NULL,"41"),
("5438","3","164",NULL,NULL,NULL,"41"),
("5439","4","164",NULL,NULL,NULL,"41"),
("5440","5","164",NULL,NULL,NULL,"41"),
("5441","6","164",NULL,NULL,NULL,"41"),
("5442","7","164",NULL,NULL,NULL,"41"),
("5443","8","164",NULL,NULL,NULL,"41"),
("5444","9","164",NULL,NULL,NULL,"41"),
("5445","10","164",NULL,NULL,NULL,"41"),
("5446","11","164",NULL,NULL,NULL,"41"),
("5447","12","164",NULL,NULL,NULL,"41"),
("5448","13","164",NULL,NULL,NULL,"41"),
("5449","14","164",NULL,NULL,NULL,"41"),
("5450","15","164",NULL,NULL,NULL,"41"),
("5451","16","164",NULL,NULL,NULL,"41"),
("5452","17","164",NULL,NULL,NULL,"41"),
("5453","18","164",NULL,NULL,NULL,"41"),
("5454","19","164",NULL,NULL,NULL,"41"),
("5455","20","164",NULL,NULL,NULL,"41"),
("5456","21","164",NULL,NULL,NULL,"41"),
("5457","22","164",NULL,NULL,NULL,"41"),
("5458","23","164",NULL,NULL,NULL,"41"),
("5459","24","164",NULL,NULL,NULL,"41"),
("5460","1","165",NULL,NULL,NULL,"41"),
("5461","2","165",NULL,NULL,NULL,"41"),
("5462","3","165",NULL,NULL,NULL,"41"),
("5463","4","165",NULL,NULL,NULL,"41"),
("5464","5","165",NULL,NULL,NULL,"41"),
("5465","6","165",NULL,NULL,NULL,"41"),
("5466","7","165",NULL,NULL,NULL,"41"),
("5467","8","165",NULL,NULL,NULL,"41"),
("5468","9","165",NULL,NULL,NULL,"41"),
("5469","10","165",NULL,NULL,NULL,"41"),
("5470","11","165",NULL,NULL,NULL,"41"),
("5471","12","165",NULL,NULL,NULL,"41"),
("5472","13","165",NULL,NULL,NULL,"41"),
("5473","14","165",NULL,NULL,NULL,"41"),
("5474","15","165",NULL,NULL,NULL,"41"),
("5475","16","165",NULL,NULL,NULL,"41"),
("5476","17","165",NULL,NULL,NULL,"41"),
("5477","18","165",NULL,NULL,NULL,"41"),
("5478","19","165",NULL,NULL,NULL,"41"),
("5479","20","165",NULL,NULL,NULL,"41"),
("5480","21","165",NULL,NULL,NULL,"41"),
("5481","22","165",NULL,NULL,NULL,"41"),
("5482","23","165",NULL,NULL,NULL,"41"),
("5483","24","165",NULL,NULL,NULL,"41"),
("5484","1","166",NULL,NULL,NULL,"42"),
("5485","2","166",NULL,NULL,NULL,"42"),
("5486","3","166",NULL,NULL,NULL,"42"),
("5487","4","166",NULL,NULL,NULL,"42"),
("5488","5","166",NULL,NULL,NULL,"42"),
("5489","6","166",NULL,NULL,NULL,"42"),
("5490","7","166",NULL,NULL,NULL,"42"),
("5491","8","166",NULL,NULL,NULL,"42"),
("5492","9","166",NULL,NULL,NULL,"42"),
("5493","10","166",NULL,NULL,NULL,"42"),
("5494","11","166",NULL,NULL,NULL,"42"),
("5495","12","166",NULL,NULL,NULL,"42"),
("5496","13","166",NULL,NULL,NULL,"42"),
("5497","14","166",NULL,NULL,NULL,"42"),
("5498","15","166",NULL,NULL,NULL,"42"),
("5499","16","166",NULL,NULL,NULL,"42"),
("5500","1","167",NULL,NULL,NULL,"42"),
("5501","2","167",NULL,NULL,NULL,"42"),
("5502","3","167",NULL,NULL,NULL,"42"),
("5503","4","167",NULL,NULL,NULL,"42"),
("5504","5","167",NULL,NULL,NULL,"42"),
("5505","6","167",NULL,NULL,NULL,"42"),
("5506","7","167",NULL,NULL,NULL,"42"),
("5507","8","167",NULL,NULL,NULL,"42"),
("5508","9","167",NULL,NULL,NULL,"42"),
("5509","10","167",NULL,NULL,NULL,"42"),
("5510","11","167",NULL,NULL,NULL,"42"),
("5511","12","167",NULL,NULL,NULL,"42"),
("5512","13","167",NULL,NULL,NULL,"42"),
("5513","14","167",NULL,NULL,NULL,"42"),
("5514","15","167",NULL,NULL,NULL,"42"),
("5515","16","167",NULL,NULL,NULL,"42"),
("5516","17","167",NULL,NULL,NULL,"42"),
("5517","18","167",NULL,NULL,NULL,"42"),
("5518","19","167",NULL,NULL,NULL,"42"),
("5519","20","167",NULL,NULL,NULL,"42"),
("5520","21","167",NULL,NULL,NULL,"42"),
("5521","22","167",NULL,NULL,NULL,"42"),
("5522","23","167",NULL,NULL,NULL,"42"),
("5523","24","167",NULL,NULL,NULL,"42"),
("5524","25","167",NULL,NULL,NULL,"42"),
("5525","26","167",NULL,NULL,NULL,"42"),
("5526","27","167",NULL,NULL,NULL,"42"),
("5527","28","167",NULL,NULL,NULL,"42"),
("5528","29","167",NULL,NULL,NULL,"42"),
("5529","30","167",NULL,NULL,NULL,"42"),
("5530","31","167",NULL,NULL,NULL,"42"),
("5531","32","167",NULL,NULL,NULL,"42"),
("5532","33","167",NULL,NULL,NULL,"42"),
("5533","34","167",NULL,NULL,NULL,"42"),
("5534","35","167",NULL,NULL,NULL,"42"),
("5535","36","167",NULL,NULL,NULL,"42"),
("5536","37","167",NULL,NULL,NULL,"42"),
("5537","38","167",NULL,NULL,NULL,"42"),
("5538","39","167",NULL,NULL,NULL,"42"),
("5539","40","167",NULL,NULL,NULL,"42"),
("5540","41","167",NULL,NULL,NULL,"42"),
("5541","42","167",NULL,NULL,NULL,"42"),
("5542","43","167",NULL,NULL,NULL,"42"),
("5543","44","167",NULL,NULL,NULL,"42"),
("5544","45","167",NULL,NULL,NULL,"42"),
("5545","46","167",NULL,NULL,NULL,"42"),
("5546","47","167",NULL,NULL,NULL,"42"),
("5547","48","167",NULL,NULL,NULL,"42"),
("5548","1","168",NULL,NULL,NULL,"42"),
("5549","2","168",NULL,NULL,NULL,"42"),
("5550","3","168",NULL,NULL,NULL,"42"),
("5551","4","168",NULL,NULL,NULL,"42"),
("5552","5","168",NULL,NULL,NULL,"42"),
("5553","6","168",NULL,NULL,NULL,"42"),
("5554","7","168",NULL,NULL,NULL,"42"),
("5555","8","168",NULL,NULL,NULL,"42"),
("5556","9","168",NULL,NULL,NULL,"42"),
("5557","10","168",NULL,NULL,NULL,"42"),
("5558","11","168",NULL,NULL,NULL,"42"),
("5559","12","168",NULL,NULL,NULL,"42"),
("5560","13","168",NULL,NULL,NULL,"42"),
("5561","14","168",NULL,NULL,NULL,"42"),
("5562","15","168",NULL,NULL,NULL,"42"),
("5563","16","168",NULL,NULL,NULL,"42"),
("5564","17","168",NULL,NULL,NULL,"42"),
("5565","18","168",NULL,NULL,NULL,"42"),
("5566","19","168",NULL,NULL,NULL,"42"),
("5567","20","168",NULL,NULL,NULL,"42"),
("5568","21","168",NULL,NULL,NULL,"42"),
("5569","22","168",NULL,NULL,NULL,"42"),
("5570","23","168",NULL,NULL,NULL,"42"),
("5571","24","168",NULL,NULL,NULL,"42"),
("5572","25","168",NULL,NULL,NULL,"42"),
("5573","26","168",NULL,NULL,NULL,"42"),
("5574","27","168",NULL,NULL,NULL,"42"),
("5575","28","168",NULL,NULL,NULL,"42"),
("5576","29","168",NULL,NULL,NULL,"42"),
("5577","30","168",NULL,NULL,NULL,"42"),
("5578","31","168",NULL,NULL,NULL,"42"),
("5579","32","168",NULL,NULL,NULL,"42"),
("5580","33","168",NULL,NULL,NULL,"42"),
("5581","34","168",NULL,NULL,NULL,"42"),
("5582","35","168",NULL,NULL,NULL,"42"),
("5583","36","168",NULL,NULL,NULL,"42"),
("5584","37","168",NULL,NULL,NULL,"42"),
("5585","38","168",NULL,NULL,NULL,"42"),
("5586","39","168",NULL,NULL,NULL,"42"),
("5587","40","168",NULL,NULL,NULL,"42"),
("5588","41","168",NULL,NULL,NULL,"42"),
("5589","42","168",NULL,NULL,NULL,"42"),
("5590","43","168",NULL,NULL,NULL,"42"),
("5591","44","168",NULL,NULL,NULL,"42"),
("5592","45","168",NULL,NULL,NULL,"42"),
("5593","46","168",NULL,NULL,NULL,"42"),
("5594","47","168",NULL,NULL,NULL,"42"),
("5595","48","168",NULL,NULL,NULL,"42"),
("5596","1","169",NULL,NULL,NULL,"42"),
("5597","2","169",NULL,NULL,NULL,"42"),
("5598","3","169",NULL,NULL,NULL,"42"),
("5599","4","169",NULL,NULL,NULL,"42"),
("5600","5","169",NULL,NULL,NULL,"42"),
("5601","6","169",NULL,NULL,NULL,"42"),
("5602","7","169",NULL,NULL,NULL,"42"),
("5603","8","169",NULL,NULL,NULL,"42"),
("5604","9","169",NULL,NULL,NULL,"42"),
("5605","10","169",NULL,NULL,NULL,"42"),
("5606","11","169",NULL,NULL,NULL,"42"),
("5607","12","169",NULL,NULL,NULL,"42"),
("5608","13","169",NULL,NULL,NULL,"42"),
("5609","14","169",NULL,NULL,NULL,"42"),
("5610","15","169",NULL,NULL,NULL,"42"),
("5611","16","169",NULL,NULL,NULL,"42"),
("5612","17","169",NULL,NULL,NULL,"42"),
("5613","18","169",NULL,NULL,NULL,"42"),
("5614","19","169",NULL,NULL,NULL,"42"),
("5615","20","169",NULL,NULL,NULL,"42"),
("5616","21","169",NULL,NULL,NULL,"42"),
("5617","22","169",NULL,NULL,NULL,"42"),
("5618","23","169",NULL,NULL,NULL,"42"),
("5619","24","169",NULL,NULL,NULL,"42"),
("5620","25","169",NULL,NULL,NULL,"42"),
("5621","26","169",NULL,NULL,NULL,"42"),
("5622","27","169",NULL,NULL,NULL,"42"),
("5623","28","169",NULL,NULL,NULL,"42"),
("5624","29","169",NULL,NULL,NULL,"42"),
("5625","30","169",NULL,NULL,NULL,"42"),
("5626","31","169",NULL,NULL,NULL,"42"),
("5627","32","169",NULL,NULL,NULL,"42"),
("5628","33","169",NULL,NULL,NULL,"42"),
("5629","34","169",NULL,NULL,NULL,"42"),
("5630","35","169",NULL,NULL,NULL,"42"),
("5631","36","169",NULL,NULL,NULL,"42"),
("5632","37","169",NULL,NULL,NULL,"42"),
("5633","38","169",NULL,NULL,NULL,"42"),
("5634","39","169",NULL,NULL,NULL,"42"),
("5635","40","169",NULL,NULL,NULL,"42"),
("5636","41","169",NULL,NULL,NULL,"42"),
("5637","42","169",NULL,NULL,NULL,"42"),
("5638","43","169",NULL,NULL,NULL,"42"),
("5639","44","169",NULL,NULL,NULL,"42"),
("5640","45","169",NULL,NULL,NULL,"42"),
("5641","46","169",NULL,NULL,NULL,"42"),
("5642","47","169",NULL,NULL,NULL,"42"),
("5643","48","169",NULL,NULL,NULL,"42"),
("5644","1","170",NULL,NULL,NULL,"43"),
("5645","2","170",NULL,NULL,NULL,"43"),
("5646","3","170",NULL,NULL,NULL,"43"),
("5647","4","170",NULL,NULL,NULL,"43"),
("5648","5","170",NULL,NULL,NULL,"43"),
("5649","6","170",NULL,NULL,NULL,"43"),
("5650","7","170",NULL,NULL,NULL,"43"),
("5651","8","170",NULL,NULL,NULL,"43"),
("5652","9","170",NULL,NULL,NULL,"43"),
("5653","10","170",NULL,NULL,NULL,"43"),
("5654","11","170",NULL,NULL,NULL,"43"),
("5655","12","170",NULL,NULL,NULL,"43"),
("5656","13","170",NULL,NULL,NULL,"43"),
("5657","14","170",NULL,NULL,NULL,"43"),
("5658","15","170",NULL,NULL,NULL,"43"),
("5659","16","170",NULL,NULL,NULL,"43"),
("5660","17","170",NULL,NULL,NULL,"43"),
("5661","18","170",NULL,NULL,NULL,"43"),
("5662","19","170",NULL,NULL,NULL,"43"),
("5663","20","170",NULL,NULL,NULL,"43"),
("5664","21","170",NULL,NULL,NULL,"43"),
("5665","22","170",NULL,NULL,NULL,"43"),
("5666","23","170",NULL,NULL,NULL,"43"),
("5667","24","170",NULL,NULL,NULL,"43"),
("5668","25","170",NULL,NULL,NULL,"43"),
("5669","26","170",NULL,NULL,NULL,"43"),
("5670","27","170",NULL,NULL,NULL,"43"),
("5671","28","170",NULL,NULL,NULL,"43"),
("5672","29","170",NULL,NULL,NULL,"43"),
("5673","30","170",NULL,NULL,NULL,"43"),
("5674","31","170",NULL,NULL,NULL,"43"),
("5675","32","170",NULL,NULL,NULL,"43"),
("5676","33","170",NULL,NULL,NULL,"43"),
("5677","34","170",NULL,NULL,NULL,"43"),
("5678","35","170",NULL,NULL,NULL,"43"),
("5679","36","170",NULL,NULL,NULL,"43"),
("5680","37","170",NULL,NULL,NULL,"43"),
("5681","38","170",NULL,NULL,NULL,"43"),
("5682","39","170",NULL,NULL,NULL,"43"),
("5683","40","170",NULL,NULL,NULL,"43"),
("5684","41","170",NULL,NULL,NULL,"43"),
("5685","42","170",NULL,NULL,NULL,"43"),
("5686","43","170",NULL,NULL,NULL,"43"),
("5687","44","170",NULL,NULL,NULL,"43"),
("5688","45","170",NULL,NULL,NULL,"43"),
("5689","46","170",NULL,NULL,NULL,"43"),
("5690","47","170",NULL,NULL,NULL,"43"),
("5691","48","170",NULL,NULL,NULL,"43"),
("5692","1","171",NULL,NULL,NULL,"43"),
("5693","2","171",NULL,NULL,NULL,"43"),
("5694","3","171",NULL,NULL,NULL,"43"),
("5695","4","171",NULL,NULL,NULL,"43"),
("5696","5","171",NULL,NULL,NULL,"43"),
("5697","6","171",NULL,NULL,NULL,"43"),
("5698","7","171",NULL,NULL,NULL,"43"),
("5699","8","171",NULL,NULL,NULL,"43"),
("5700","9","171",NULL,NULL,NULL,"43"),
("5701","10","171",NULL,NULL,NULL,"43"),
("5702","11","171",NULL,NULL,NULL,"43"),
("5703","12","171",NULL,NULL,NULL,"43"),
("5704","13","171",NULL,NULL,NULL,"43"),
("5705","14","171",NULL,NULL,NULL,"43"),
("5706","15","171",NULL,NULL,NULL,"43"),
("5707","16","171",NULL,NULL,NULL,"43"),
("5708","17","171",NULL,NULL,NULL,"43"),
("5709","18","171",NULL,NULL,NULL,"43"),
("5710","19","171",NULL,NULL,NULL,"43"),
("5711","20","171",NULL,NULL,NULL,"43"),
("5712","21","171",NULL,NULL,NULL,"43"),
("5713","22","171",NULL,NULL,NULL,"43"),
("5714","23","171",NULL,NULL,NULL,"43"),
("5715","24","171",NULL,NULL,NULL,"43"),
("5716","1","172",NULL,NULL,NULL,"44"),
("5717","2","172",NULL,NULL,NULL,"44"),
("5718","3","172",NULL,NULL,NULL,"44"),
("5719","4","172",NULL,NULL,NULL,"44"),
("5720","5","172",NULL,NULL,NULL,"44"),
("5721","6","172",NULL,NULL,NULL,"44"),
("5722","7","172",NULL,NULL,NULL,"44"),
("5723","8","172",NULL,NULL,NULL,"44"),
("5724","9","172",NULL,NULL,NULL,"44"),
("5725","10","172",NULL,NULL,NULL,"44"),
("5726","11","172",NULL,NULL,NULL,"44"),
("5727","12","172",NULL,NULL,NULL,"44"),
("5728","13","172",NULL,NULL,NULL,"44"),
("5729","14","172",NULL,NULL,NULL,"44"),
("5730","15","172",NULL,NULL,NULL,"44"),
("5731","16","172",NULL,NULL,NULL,"44"),
("5732","17","172",NULL,NULL,NULL,"44"),
("5733","18","172",NULL,NULL,NULL,"44"),
("5734","19","172",NULL,NULL,NULL,"44"),
("5735","20","172",NULL,NULL,NULL,"44"),
("5736","21","172",NULL,NULL,NULL,"44"),
("5737","22","172",NULL,NULL,NULL,"44"),
("5738","23","172",NULL,NULL,NULL,"44"),
("5739","24","172",NULL,NULL,NULL,"44"),
("5740","25","172",NULL,NULL,NULL,"44"),
("5741","26","172",NULL,NULL,NULL,"44"),
("5742","27","172",NULL,NULL,NULL,"44"),
("5743","28","172",NULL,NULL,NULL,"44"),
("5744","29","172",NULL,NULL,NULL,"44"),
("5745","30","172",NULL,NULL,NULL,"44"),
("5746","31","172",NULL,NULL,NULL,"44"),
("5747","32","172",NULL,NULL,NULL,"44"),
("5748","33","172",NULL,NULL,NULL,"44"),
("5749","34","172",NULL,NULL,NULL,"44"),
("5750","35","172",NULL,NULL,NULL,"44"),
("5751","36","172",NULL,NULL,NULL,"44"),
("5752","37","172",NULL,NULL,NULL,"44"),
("5753","38","172",NULL,NULL,NULL,"44"),
("5754","39","172",NULL,NULL,NULL,"44"),
("5755","40","172",NULL,NULL,NULL,"44"),
("5756","41","172",NULL,NULL,NULL,"44"),
("5757","42","172",NULL,NULL,NULL,"44"),
("5758","43","172",NULL,NULL,NULL,"44"),
("5759","44","172",NULL,NULL,NULL,"44"),
("5760","45","172",NULL,NULL,NULL,"44"),
("5761","46","172",NULL,NULL,NULL,"44"),
("5762","47","172",NULL,NULL,NULL,"44"),
("5763","48","172",NULL,NULL,NULL,"44"),
("5764","1","173",NULL,NULL,NULL,"44"),
("5765","2","173",NULL,NULL,NULL,"44"),
("5766","3","173",NULL,NULL,NULL,"44"),
("5767","4","173",NULL,NULL,NULL,"44"),
("5768","5","173",NULL,NULL,NULL,"44"),
("5769","6","173",NULL,NULL,NULL,"44"),
("5770","7","173",NULL,NULL,NULL,"44"),
("5771","8","173",NULL,NULL,NULL,"44"),
("5772","9","173",NULL,NULL,NULL,"44"),
("5773","10","173",NULL,NULL,NULL,"44"),
("5774","11","173",NULL,NULL,NULL,"44"),
("5775","12","173",NULL,NULL,NULL,"44"),
("5776","13","173",NULL,NULL,NULL,"44"),
("5777","14","173",NULL,NULL,NULL,"44"),
("5778","15","173",NULL,NULL,NULL,"44"),
("5779","16","173",NULL,NULL,NULL,"44"),
("5780","17","173",NULL,NULL,NULL,"44"),
("5781","18","173",NULL,NULL,NULL,"44"),
("5782","19","173",NULL,NULL,NULL,"44"),
("5783","20","173",NULL,NULL,NULL,"44"),
("5784","21","173",NULL,NULL,NULL,"44"),
("5785","22","173",NULL,NULL,NULL,"44"),
("5786","23","173",NULL,NULL,NULL,"44"),
("5787","24","173",NULL,NULL,NULL,"44"),
("5788","25","173",NULL,NULL,NULL,"44"),
("5789","26","173",NULL,NULL,NULL,"44"),
("5790","27","173",NULL,NULL,NULL,"44"),
("5791","28","173",NULL,NULL,NULL,"44"),
("5792","29","173",NULL,NULL,NULL,"44"),
("5793","30","173",NULL,NULL,NULL,"44"),
("5794","31","173",NULL,NULL,NULL,"44"),
("5795","32","173",NULL,NULL,NULL,"44"),
("5796","33","173",NULL,NULL,NULL,"44"),
("5797","34","173",NULL,NULL,NULL,"44"),
("5798","35","173",NULL,NULL,NULL,"44"),
("5799","36","173",NULL,NULL,NULL,"44"),
("5800","37","173",NULL,NULL,NULL,"44"),
("5801","38","173",NULL,NULL,NULL,"44"),
("5802","39","173",NULL,NULL,NULL,"44"),
("5803","40","173",NULL,NULL,NULL,"44"),
("5804","41","173",NULL,NULL,NULL,"44"),
("5805","42","173",NULL,NULL,NULL,"44"),
("5806","43","173",NULL,NULL,NULL,"44"),
("5807","44","173",NULL,NULL,NULL,"44"),
("5808","45","173",NULL,NULL,NULL,"44"),
("5809","46","173",NULL,NULL,NULL,"44"),
("5810","47","173",NULL,NULL,NULL,"44"),
("5811","48","173",NULL,NULL,NULL,"44"),
("5812","1","174",NULL,NULL,NULL,"45"),
("5813","2","174",NULL,NULL,NULL,"45"),
("5814","3","174",NULL,NULL,NULL,"45"),
("5815","4","174",NULL,NULL,NULL,"45"),
("5816","5","174",NULL,NULL,NULL,"45"),
("5817","6","174",NULL,NULL,NULL,"45"),
("5818","7","174",NULL,NULL,NULL,"45"),
("5819","8","174",NULL,NULL,NULL,"45"),
("5820","9","174",NULL,NULL,NULL,"45"),
("5821","10","174",NULL,NULL,NULL,"45"),
("5822","11","174",NULL,NULL,NULL,"45"),
("5823","12","174",NULL,NULL,NULL,"45"),
("5824","13","174",NULL,NULL,NULL,"45"),
("5825","14","174",NULL,NULL,NULL,"45"),
("5826","15","174",NULL,NULL,NULL,"45"),
("5827","16","174",NULL,NULL,NULL,"45"),
("5828","17","174",NULL,NULL,NULL,"45"),
("5829","18","174",NULL,NULL,NULL,"45"),
("5830","19","174",NULL,NULL,NULL,"45"),
("5831","20","174",NULL,NULL,NULL,"45"),
("5832","21","174",NULL,NULL,NULL,"45"),
("5833","22","174",NULL,NULL,NULL,"45"),
("5834","23","174",NULL,NULL,NULL,"45"),
("5835","24","174",NULL,NULL,NULL,"45"),
("5836","1","175",NULL,NULL,NULL,"45"),
("5837","2","175",NULL,NULL,NULL,"45"),
("5838","3","175",NULL,NULL,NULL,"45"),
("5839","4","175",NULL,NULL,NULL,"45"),
("5840","5","175",NULL,NULL,NULL,"45"),
("5841","6","175",NULL,NULL,NULL,"45"),
("5842","7","175",NULL,NULL,NULL,"45"),
("5843","8","175",NULL,NULL,NULL,"45"),
("5844","9","175",NULL,NULL,NULL,"45"),
("5845","10","175",NULL,NULL,NULL,"45"),
("5846","11","175",NULL,NULL,NULL,"45"),
("5847","12","175",NULL,NULL,NULL,"45"),
("5848","13","175",NULL,NULL,NULL,"45"),
("5849","14","175",NULL,NULL,NULL,"45"),
("5850","15","175",NULL,NULL,NULL,"45"),
("5851","16","175",NULL,NULL,NULL,"45"),
("5852","17","175",NULL,NULL,NULL,"45"),
("5853","18","175",NULL,NULL,NULL,"45"),
("5854","19","175",NULL,NULL,NULL,"45"),
("5855","20","175",NULL,NULL,NULL,"45"),
("5856","21","175",NULL,NULL,NULL,"45"),
("5857","22","175",NULL,NULL,NULL,"45"),
("5858","23","175",NULL,NULL,NULL,"45"),
("5859","24","175",NULL,NULL,NULL,"45"),
("5860","25","175",NULL,NULL,NULL,"45"),
("5861","26","175",NULL,NULL,NULL,"45"),
("5862","27","175",NULL,NULL,NULL,"45"),
("5863","28","175",NULL,NULL,NULL,"45"),
("5864","29","175",NULL,NULL,NULL,"45"),
("5865","30","175",NULL,NULL,NULL,"45"),
("5866","31","175",NULL,NULL,NULL,"45"),
("5867","32","175",NULL,NULL,NULL,"45"),
("5868","33","175",NULL,NULL,NULL,"45"),
("5869","34","175",NULL,NULL,NULL,"45"),
("5870","35","175",NULL,NULL,NULL,"45"),
("5871","36","175",NULL,NULL,NULL,"45"),
("5872","37","175",NULL,NULL,NULL,"45"),
("5873","38","175",NULL,NULL,NULL,"45"),
("5874","39","175",NULL,NULL,NULL,"45"),
("5875","40","175",NULL,NULL,NULL,"45"),
("5876","41","175",NULL,NULL,NULL,"45"),
("5877","42","175",NULL,NULL,NULL,"45"),
("5878","43","175",NULL,NULL,NULL,"45"),
("5879","44","175",NULL,NULL,NULL,"45"),
("5880","45","175",NULL,NULL,NULL,"45"),
("5881","46","175",NULL,NULL,NULL,"45"),
("5882","47","175",NULL,NULL,NULL,"45"),
("5883","48","175",NULL,NULL,NULL,"45"),
("5884","1","176",NULL,NULL,NULL,"46"),
("5885","2","176",NULL,NULL,NULL,"46"),
("5886","3","176",NULL,NULL,NULL,"46"),
("5887","4","176",NULL,NULL,NULL,"46"),
("5888","5","176",NULL,NULL,NULL,"46"),
("5889","6","176",NULL,NULL,NULL,"46"),
("5890","7","176",NULL,NULL,NULL,"46"),
("5891","8","176",NULL,NULL,NULL,"46"),
("5892","9","176",NULL,NULL,NULL,"46"),
("5893","10","176",NULL,NULL,NULL,"46"),
("5894","11","176",NULL,NULL,NULL,"46"),
("5895","12","176",NULL,NULL,NULL,"46"),
("5896","13","176",NULL,NULL,NULL,"46"),
("5897","14","176",NULL,NULL,NULL,"46"),
("5898","15","176",NULL,NULL,NULL,"46"),
("5899","16","176",NULL,NULL,NULL,"46"),
("5900","17","176",NULL,NULL,NULL,"46"),
("5901","18","176",NULL,NULL,NULL,"46"),
("5902","19","176",NULL,NULL,NULL,"46"),
("5903","20","176",NULL,NULL,NULL,"46"),
("5904","21","176",NULL,NULL,NULL,"46"),
("5905","22","176",NULL,NULL,NULL,"46"),
("5906","23","176",NULL,NULL,NULL,"46"),
("5907","24","176",NULL,NULL,NULL,"46"),
("5908","25","176",NULL,NULL,NULL,"46"),
("5909","26","176",NULL,NULL,NULL,"46"),
("5910","27","176",NULL,NULL,NULL,"46"),
("5911","28","176",NULL,NULL,NULL,"46"),
("5912","29","176",NULL,NULL,NULL,"46"),
("5913","30","176",NULL,NULL,NULL,"46"),
("5914","31","176",NULL,NULL,NULL,"46"),
("5915","32","176",NULL,NULL,NULL,"46"),
("5916","33","176",NULL,NULL,NULL,"46"),
("5917","34","176",NULL,NULL,NULL,"46"),
("5918","35","176",NULL,NULL,NULL,"46"),
("5919","36","176",NULL,NULL,NULL,"46"),
("5920","37","176",NULL,NULL,NULL,"46"),
("5921","38","176",NULL,NULL,NULL,"46"),
("5922","39","176",NULL,NULL,NULL,"46"),
("5923","40","176",NULL,NULL,NULL,"46"),
("5924","41","176",NULL,NULL,NULL,"46"),
("5925","42","176",NULL,NULL,NULL,"46"),
("5926","43","176",NULL,NULL,NULL,"46"),
("5927","44","176",NULL,NULL,NULL,"46"),
("5928","45","176",NULL,NULL,NULL,"46"),
("5929","46","176",NULL,NULL,NULL,"46"),
("5930","47","176",NULL,NULL,NULL,"46"),
("5931","48","176",NULL,NULL,NULL,"46"),
("5932","1","177",NULL,NULL,NULL,"47"),
("5933","2","177",NULL,NULL,NULL,"47"),
("5934","3","177",NULL,NULL,NULL,"47"),
("5935","4","177",NULL,NULL,NULL,"47"),
("5936","5","177",NULL,NULL,NULL,"47"),
("5937","6","177",NULL,NULL,NULL,"47"),
("5938","7","177",NULL,NULL,NULL,"47"),
("5939","8","177",NULL,NULL,NULL,"47"),
("5940","9","177",NULL,NULL,NULL,"47"),
("5941","10","177",NULL,NULL,NULL,"47"),
("5942","11","177",NULL,NULL,NULL,"47"),
("5943","12","177",NULL,NULL,NULL,"47"),
("5944","13","177",NULL,NULL,NULL,"47"),
("5945","14","177",NULL,NULL,NULL,"47"),
("5946","15","177",NULL,NULL,NULL,"47"),
("5947","16","177",NULL,NULL,NULL,"47"),
("5948","17","177",NULL,NULL,NULL,"47"),
("5949","18","177",NULL,NULL,NULL,"47"),
("5950","19","177",NULL,NULL,NULL,"47"),
("5951","20","177",NULL,NULL,NULL,"47"),
("5952","21","177",NULL,NULL,NULL,"47"),
("5953","22","177",NULL,NULL,NULL,"47"),
("5954","23","177",NULL,NULL,NULL,"47"),
("5955","24","177",NULL,NULL,NULL,"47"),
("5956","1","178",NULL,NULL,NULL,"48"),
("5957","2","178",NULL,NULL,NULL,"48"),
("5958","3","178",NULL,NULL,NULL,"48"),
("5959","4","178",NULL,NULL,NULL,"48"),
("5960","5","178",NULL,NULL,NULL,"48"),
("5961","6","178",NULL,NULL,NULL,"48"),
("5962","7","178",NULL,NULL,NULL,"48"),
("5963","8","178",NULL,NULL,NULL,"48"),
("5964","9","178",NULL,NULL,NULL,"48"),
("5965","10","178",NULL,NULL,NULL,"48"),
("5966","11","178",NULL,NULL,NULL,"48"),
("5967","12","178",NULL,NULL,NULL,"48"),
("5968","13","178",NULL,NULL,NULL,"48"),
("5969","14","178",NULL,NULL,NULL,"48"),
("5970","15","178",NULL,NULL,NULL,"48"),
("5971","16","178",NULL,NULL,NULL,"48"),
("5972","17","178",NULL,NULL,NULL,"48"),
("5973","18","178",NULL,NULL,NULL,"48"),
("5974","19","178",NULL,NULL,NULL,"48"),
("5975","20","178",NULL,NULL,NULL,"48"),
("5976","21","178",NULL,NULL,NULL,"48"),
("5977","22","178",NULL,NULL,NULL,"48"),
("5978","23","178",NULL,NULL,NULL,"48"),
("5979","24","178",NULL,NULL,NULL,"48"),
("5980","1","179",NULL,NULL,NULL,"48"),
("5981","2","179",NULL,NULL,NULL,"48"),
("5982","3","179",NULL,NULL,NULL,"48"),
("5983","4","179",NULL,NULL,NULL,"48"),
("5984","5","179",NULL,NULL,NULL,"48"),
("5985","6","179",NULL,NULL,NULL,"48"),
("5986","7","179",NULL,NULL,NULL,"48"),
("5987","8","179",NULL,NULL,NULL,"48"),
("5988","9","179",NULL,NULL,NULL,"48"),
("5989","10","179",NULL,NULL,NULL,"48"),
("5990","11","179",NULL,NULL,NULL,"48"),
("5991","12","179",NULL,NULL,NULL,"48"),
("5992","13","179",NULL,NULL,NULL,"48"),
("5993","14","179",NULL,NULL,NULL,"48"),
("5994","15","179",NULL,NULL,NULL,"48"),
("5995","16","179",NULL,NULL,NULL,"48"),
("5996","17","179",NULL,NULL,NULL,"48"),
("5997","18","179",NULL,NULL,NULL,"48"),
("5998","19","179",NULL,NULL,NULL,"48"),
("5999","20","179",NULL,NULL,NULL,"48"),
("6000","21","179",NULL,NULL,NULL,"48"),
("6001","22","179",NULL,NULL,NULL,"48"),
("6002","23","179",NULL,NULL,NULL,"48"),
("6003","24","179",NULL,NULL,NULL,"48"),
("6004","25","179",NULL,NULL,NULL,"48"),
("6005","26","179",NULL,NULL,NULL,"48"),
("6006","27","179",NULL,NULL,NULL,"48"),
("6007","28","179",NULL,NULL,NULL,"48"),
("6008","29","179",NULL,NULL,NULL,"48"),
("6009","30","179",NULL,NULL,NULL,"48"),
("6010","31","179",NULL,NULL,NULL,"48"),
("6011","32","179",NULL,NULL,NULL,"48"),
("6012","33","179",NULL,NULL,NULL,"48"),
("6013","34","179",NULL,NULL,NULL,"48"),
("6014","35","179",NULL,NULL,NULL,"48"),
("6015","36","179",NULL,NULL,NULL,"48"),
("6016","37","179",NULL,NULL,NULL,"48"),
("6017","38","179",NULL,NULL,NULL,"48"),
("6018","39","179",NULL,NULL,NULL,"48"),
("6019","40","179",NULL,NULL,NULL,"48"),
("6020","41","179",NULL,NULL,NULL,"48"),
("6021","42","179",NULL,NULL,NULL,"48"),
("6022","43","179",NULL,NULL,NULL,"48"),
("6023","44","179",NULL,NULL,NULL,"48"),
("6024","45","179",NULL,NULL,NULL,"48"),
("6025","46","179",NULL,NULL,NULL,"48"),
("6026","47","179",NULL,NULL,NULL,"48"),
("6027","48","179",NULL,NULL,NULL,"48"),
("6028","1","180",NULL,NULL,NULL,"48"),
("6029","2","180",NULL,NULL,NULL,"48"),
("6030","3","180",NULL,NULL,NULL,"48"),
("6031","4","180",NULL,NULL,NULL,"48"),
("6032","5","180",NULL,NULL,NULL,"48"),
("6033","6","180",NULL,NULL,NULL,"48"),
("6034","7","180",NULL,NULL,NULL,"48"),
("6035","8","180",NULL,NULL,NULL,"48"),
("6036","9","180",NULL,NULL,NULL,"48"),
("6037","10","180",NULL,NULL,NULL,"48"),
("6038","11","180",NULL,NULL,NULL,"48"),
("6039","12","180",NULL,NULL,NULL,"48"),
("6040","13","180",NULL,NULL,NULL,"48"),
("6041","14","180",NULL,NULL,NULL,"48"),
("6042","15","180",NULL,NULL,NULL,"48"),
("6043","16","180",NULL,NULL,NULL,"48"),
("6044","17","180",NULL,NULL,NULL,"48"),
("6045","18","180",NULL,NULL,NULL,"48"),
("6046","19","180",NULL,NULL,NULL,"48"),
("6047","20","180",NULL,NULL,NULL,"48"),
("6048","21","180",NULL,NULL,NULL,"48"),
("6049","22","180",NULL,NULL,NULL,"48"),
("6050","23","180",NULL,NULL,NULL,"48"),
("6051","24","180",NULL,NULL,NULL,"48"),
("6052","25","180",NULL,NULL,NULL,"48"),
("6053","26","180",NULL,NULL,NULL,"48"),
("6054","27","180",NULL,NULL,NULL,"48"),
("6055","28","180",NULL,NULL,NULL,"48"),
("6056","29","180",NULL,NULL,NULL,"48"),
("6057","30","180",NULL,NULL,NULL,"48"),
("6058","31","180",NULL,NULL,NULL,"48"),
("6059","32","180",NULL,NULL,NULL,"48"),
("6060","33","180",NULL,NULL,NULL,"48"),
("6061","34","180",NULL,NULL,NULL,"48"),
("6062","35","180",NULL,NULL,NULL,"48"),
("6063","36","180",NULL,NULL,NULL,"48"),
("6064","37","180",NULL,NULL,NULL,"48"),
("6065","38","180",NULL,NULL,NULL,"48"),
("6066","39","180",NULL,NULL,NULL,"48"),
("6067","40","180",NULL,NULL,NULL,"48"),
("6068","41","180",NULL,NULL,NULL,"48"),
("6069","42","180",NULL,NULL,NULL,"48"),
("6070","43","180",NULL,NULL,NULL,"48"),
("6071","44","180",NULL,NULL,NULL,"48"),
("6072","45","180",NULL,NULL,NULL,"48"),
("6073","46","180",NULL,NULL,NULL,"48"),
("6074","47","180",NULL,NULL,NULL,"48"),
("6075","48","180",NULL,NULL,NULL,"48"),
("6076","1","181",NULL,NULL,NULL,"49"),
("6077","2","181",NULL,NULL,NULL,"49"),
("6078","3","181",NULL,NULL,NULL,"49"),
("6079","4","181",NULL,NULL,NULL,"49"),
("6080","5","181",NULL,NULL,NULL,"49"),
("6081","6","181",NULL,NULL,NULL,"49"),
("6082","7","181",NULL,NULL,NULL,"49"),
("6083","8","181",NULL,NULL,NULL,"49"),
("6084","9","181",NULL,NULL,NULL,"49"),
("6085","10","181",NULL,NULL,NULL,"49"),
("6086","11","181",NULL,NULL,NULL,"49"),
("6087","12","181",NULL,NULL,NULL,"49"),
("6088","13","181",NULL,NULL,NULL,"49"),
("6089","14","181",NULL,NULL,NULL,"49"),
("6090","15","181",NULL,NULL,NULL,"49"),
("6091","16","181",NULL,NULL,NULL,"49"),
("6092","17","181",NULL,NULL,NULL,"49"),
("6093","18","181",NULL,NULL,NULL,"49"),
("6094","19","181",NULL,NULL,NULL,"49"),
("6095","20","181",NULL,NULL,NULL,"49"),
("6096","21","181",NULL,NULL,NULL,"49"),
("6097","22","181",NULL,NULL,NULL,"49"),
("6098","23","181",NULL,NULL,NULL,"49"),
("6099","24","181",NULL,NULL,NULL,"49"),
("6100","25","181",NULL,NULL,NULL,"49"),
("6101","26","181",NULL,NULL,NULL,"49"),
("6102","27","181",NULL,NULL,NULL,"49"),
("6103","28","181",NULL,NULL,NULL,"49"),
("6104","29","181",NULL,NULL,NULL,"49"),
("6105","30","181",NULL,NULL,NULL,"49"),
("6106","31","181",NULL,NULL,NULL,"49"),
("6107","32","181",NULL,NULL,NULL,"49"),
("6108","33","181",NULL,NULL,NULL,"49"),
("6109","34","181",NULL,NULL,NULL,"49"),
("6110","35","181",NULL,NULL,NULL,"49"),
("6111","36","181",NULL,NULL,NULL,"49"),
("6112","37","181",NULL,NULL,NULL,"49"),
("6113","38","181",NULL,NULL,NULL,"49"),
("6114","39","181",NULL,NULL,NULL,"49"),
("6115","40","181",NULL,NULL,NULL,"49"),
("6116","41","181",NULL,NULL,NULL,"49"),
("6117","42","181",NULL,NULL,NULL,"49"),
("6118","43","181",NULL,NULL,NULL,"49"),
("6119","44","181",NULL,NULL,NULL,"49"),
("6120","45","181",NULL,NULL,NULL,"49"),
("6121","46","181",NULL,NULL,NULL,"49"),
("6122","47","181",NULL,NULL,NULL,"49"),
("6123","48","181",NULL,NULL,NULL,"49"),
("6124","1","182",NULL,NULL,NULL,"50"),
("6125","2","182",NULL,NULL,NULL,"50"),
("6126","3","182",NULL,NULL,NULL,"50"),
("6127","4","182",NULL,NULL,NULL,"50"),
("6128","5","182",NULL,NULL,NULL,"50"),
("6129","6","182",NULL,NULL,NULL,"50"),
("6130","7","182",NULL,NULL,NULL,"50"),
("6131","8","182",NULL,NULL,NULL,"50"),
("6132","9","182",NULL,NULL,NULL,"50"),
("6133","10","182",NULL,NULL,NULL,"50"),
("6134","11","182",NULL,NULL,NULL,"50"),
("6135","12","182",NULL,NULL,NULL,"50"),
("6136","13","182",NULL,NULL,NULL,"50"),
("6137","14","182",NULL,NULL,NULL,"50"),
("6138","15","182",NULL,NULL,NULL,"50"),
("6139","16","182",NULL,NULL,NULL,"50"),
("6140","17","182",NULL,NULL,NULL,"50"),
("6141","18","182",NULL,NULL,NULL,"50"),
("6142","19","182",NULL,NULL,NULL,"50"),
("6143","20","182",NULL,NULL,NULL,"50"),
("6144","21","182",NULL,NULL,NULL,"50"),
("6145","22","182",NULL,NULL,NULL,"50"),
("6146","23","182",NULL,NULL,NULL,"50"),
("6147","24","182",NULL,NULL,NULL,"50");

CREATE TABLE IF NOT EXISTS `pt_voice` (
`id_pt_voice` int(10) NOT NULL AUTO_INCREMENT,
`id_voice` int(10) NOT NULL ,
`cod_voice` int(10) NOT NULL ,
`cod_pt_patch` varchar(10) DEFAULT 0 ,
`cod_patch` int(10) DEFAULT 0 ,
`status` int(2) DEFAULT 0 ,
`rack` varchar(10) DEFAULT NULL ,
PRIMARY KEY (`id_pt_voice`)
) ENGINE=InnoDB AUTO_INCREMENT=1687 DEFAULT CHARSET=utf8mb4 COLLATE=utf8_bin; 

INSERT INTO `pt_voice` VALUES 
("689","1","50",NULL,NULL,NULL,"34"),
("690","2","50","1334","67","1","34"),
("691","3","50","1286","65","1","34"),
("692","4","50","1296","65","1","34"),
("693","5","50","1386","69","1","34"),
("694","6","50","1322","66","1","34"),
("695","7","50","1336","67","1","34"),
("696","8","50","1352","67","1","34"),
("697","9","50","1338","67","1","34"),
("698","10","50",NULL,NULL,NULL,"34"),
("699","11","50","1408","70","1","34"),
("700","12","50",NULL,NULL,NULL,"34"),
("701","13","50",NULL,NULL,NULL,"34"),
("702","14","50","1339","67","1","34"),
("703","15","50","1377","68","1","34"),
("704","16","50","1364","68","1","34"),
("705","17","50","1392","69","1","34"),
("706","18","50","1356","68","1","34"),
("707","19","50",NULL,NULL,NULL,"34"),
("708","20","50","1354","67","1","34"),
("709","21","50","1380","69","1","34"),
("710","22","50","1368","68","1","34"),
("711","23","50","1372","68","1","34"),
("712","24","50",NULL,NULL,NULL,"34"),
("713","1","51","1366","68","1","34"),
("714","2","51","1400","69","1","34"),
("715","3","51","1395","69","1","34"),
("716","4","51","1387","69","1","34"),
("717","5","51","1412","70","1","34"),
("718","6","51",NULL,NULL,NULL,"34"),
("719","7","51",NULL,NULL,NULL,"34"),
("720","8","51","1333","67","1","34"),
("721","9","51","1318","66","1","34"),
("722","10","51","1371","68","1","34"),
("723","11","51","1362","68","1","34"),
("724","12","51","1376","68","1","34"),
("725","13","51","1359","68","1","34"),
("726","14","51",NULL,NULL,NULL,"34"),
("727","15","51","1398","69","1","34"),
("728","16","51",NULL,NULL,NULL,"34"),
("729","17","51","1351","67","1","34"),
("730","18","51",NULL,NULL,NULL,"34"),
("731","19","51","1304","65","1","34"),
("732","20","51","1284","65","1","34"),
("733","21","51","1303","65","1","34"),
("734","22","51","1311","66","1","34"),
("735","23","51","1292","65","1","34"),
("736","24","51","1329","66","1","34"),
("737","1","52",NULL,NULL,NULL,"35"),
("738","2","52","1554","76","1","35"),
("739","3","52","1454","72","1","35"),
("740","4","52",NULL,NULL,NULL,"35"),
("741","5","52","1434","71","1","35"),
("742","6","52",NULL,NULL,NULL,"35"),
("743","7","52","1578","77","1","35"),
("744","8","52","1448","71","1","35"),
("745","9","52","1520","74","1","35"),
("746","10","52","1475","72","1","35"),
("747","11","52","1436","71","1","35"),
("748","12","52","1564","76","1","35"),
("749","13","52","1464","72","1","35"),
("750","14","52","1468","72","1","35"),
("751","15","52","1438","71","1","35"),
("752","16","52","1476","73","1","35"),
("753","17","52","1528","75","1","35"),
("754","18","52",NULL,NULL,NULL,"35"),
("755","19","52","1572","77","1","35"),
("756","20","52","1556","76","1","35"),
("757","21","52","1558","76","1","35"),
("758","22","52","1478","73","1","35"),
("759","23","52","1480","73","1","35"),
("760","24","52","1496","73","1","35"),
("761","1","53","1482","73","1","35"),
("762","2","53","1500","74","1","35"),
("763","3","53","1462","72","1","35"),
("764","4","53","1486","73","1","35"),
("765","5","53","1444","71","1","35"),
("766","6","53","1530","75","1","35"),
("767","7","53","1510","74","1","35"),
("768","8","53",NULL,NULL,NULL,"35"),
("769","9","53","1574","77","1","35"),
("770","10","53","1458","72","1","35"),
("771","11","53","1512","74","1","35"),
("772","12","53","1503","74","1","35"),
("773","13","53","1534","75","1","35"),
("774","14","53","1508","74","1","35"),
("775","15","53","1522","74","1","35"),
("776","16","53","1440","71","1","35"),
("777","17","53",NULL,NULL,NULL,"35"),
("778","18","53","1532","75","1","35"),
("779","19","53","1524","75","1","35"),
("780","20","53",NULL,NULL,NULL,"35"),
("781","21","53","1518","74","1","35"),
("782","22","53","1516","74","1","35"),
("783","23","53","1428","71","1","35"),
("784","24","53","1460","72","1","35"),
("785","1","54","1576","77","1","35"),
("786","2","54",NULL,NULL,NULL,"35"),
("787","3","54","1452","72","1","35"),
("788","4","54","1580","77","1","35"),
("789","5","54",NULL,NULL,NULL,"35"),
("790","6","54",NULL,NULL,NULL,"35"),
("791","7","54","1484","73","1","35"),
("792","8","54",NULL,NULL,NULL,"35"),
("793","9","54","1544","75","1","35"),
("794","10","54","1494","73","1","35"),
("795","11","54","1527","75","1","35"),
("796","12","54","1526","75","1","35"),
("797","13","54",NULL,NULL,NULL,"35"),
("798","14","54","1498","73","1","35"),
("799","15","54","1560","76","1","35"),
("800","16","54",NULL,NULL,NULL,"35"),
("801","17","54","1568","76","1","35"),
("802","18","54","1514","74","1","35"),
("803","19","54","1472","72","1","35"),
("804","20","54","1504","74","1","35"),
("805","21","54",NULL,NULL,NULL,"35"),
("806","22","54",NULL,NULL,NULL,"35"),
("807","23","54","1542","75","1","35"),
("808","24","54","1547","75","1","35"),
("809","1","55",NULL,NULL,NULL,"36"),
("810","2","55","46379","122","1","36"),
("811","3","55","46471","126","1","36"),
("812","4","55","46362","122","1","36"),
("813","5","55","46409","124","1","36"),
("814","6","55","46343","121","1","36"),
("815","7","55","46339","121","1","36"),
("816","8","55","46506","128","1","36"),
("817","9","55","46365","122","1","36"),
("818","10","55","46383","122","1","36"),
("819","11","55","46377","122","1","36"),
("820","12","55","46447","125","1","36"),
("821","13","55","46375","122","1","36"),
("822","14","55","46403","123","1","36"),
("823","15","55","46373","122","1","36"),
("824","16","55","46371","122","1","36"),
("825","17","55","46429","124","1","36"),
("826","18","55","46363","122","1","36"),
("827","19","55","46465","126","1","36"),
("828","20","55","46394","123","1","36"),
("829","21","55","46351","121","1","36"),
("830","22","55","46385","123","1","36"),
("831","23","55","46392","123","1","36"),
("832","24","55","46481","127","1","36"),
("833","1","56","46436","125","1","36"),
("834","2","56","46391","123","1","36"),
("835","3","56","46435","125","1","36"),
("836","4","56","46357","121","1","36"),
("837","5","56","46399","123","1","36"),
("838","6","56","46401","123","1","36"),
("839","7","56",NULL,NULL,NULL,"36"),
("840","8","56",NULL,NULL,NULL,"36"),
("841","9","56","46441","125","1","36"),
("842","10","56","46467","126","1","36"),
("843","11","56","46479","126","1","36"),
("844","12","56","46445","125","1","36"),
("845","13","56","46509","128","1","36"),
("846","14","56",NULL,NULL,NULL,"36"),
("847","15","56","46511","128","1","36"),
("848","16","56","46417","124","1","36"),
("849","17","56","46415","124","1","36"),
("850","18","56",NULL,NULL,NULL,"36"),
("851","19","56",NULL,NULL,NULL,"36"),
("852","20","56","46347","121","1","36"),
("853","21","56","46345","121","1","36"),
("854","22","56","46359","121","1","36"),
("855","23","56","46487","127","1","36"),
("856","24","56","46477","126","1","36"),
("881","1","58","46382","122","1","36"),
("882","2","58",NULL,NULL,NULL,"36"),
("883","3","58",NULL,NULL,NULL,"36"),
("884","4","58","46501","127","1","36"),
("885","5","58",NULL,NULL,NULL,"36"),
("886","6","58","46414","124","1","36"),
("887","7","58","46499","127","1","36"),
("888","8","58","46489","127","1","36"),
("889","9","58","46483","127","1","36"),
("890","10","58",NULL,NULL,NULL,"36"),
("891","11","58","46470","126","1","36"),
("892","12","58","46495","127","1","36"),
("893","13","58","46368","122","1","36"),
("894","14","58","46407","123","1","36"),
("895","15","58","46423","124","1","36"),
("896","16","58","46443","125","1","36"),
("897","17","58","46367","122","1","36"),
("898","18","58","46461","126","1","36"),
("899","19","58","46503","127","1","36"),
("900","20","58","46349","121","1","36"),
("901","21","58",NULL,NULL,NULL,"36"),
("902","22","58",NULL,NULL,NULL,"36"),
("903","23","58",NULL,NULL,NULL,"36"),
("904","24","58",NULL,NULL,NULL,"36"),
("905","1","59","46529","129","1","37"),
("906","2","59","46549","129","1","37"),
("907","3","59","46607","132","1","37"),
("908","4","59","46619","132","1","37"),
("909","5","59","46646","133","1","37"),
("910","6","59","46537","129","1","37"),
("911","7","59","46621","132","1","37"),
("912","8","59","46553","130","1","37"),
("913","9","59","46541","129","1","37"),
("914","10","59","46618","132","1","37"),
("915","11","59","46625","133","1","37"),
("916","12","59",NULL,NULL,NULL,"37"),
("917","13","59","46548","129","1","37"),
("918","14","59","46572","130","1","37"),
("919","15","59",NULL,NULL,NULL,"37"),
("920","16","59","46641","133","1","37"),
("921","17","59",NULL,NULL,NULL,"37"),
("922","18","59","46555","130","1","37"),
("923","19","59",NULL,NULL,NULL,"37"),
("924","20","59",NULL,NULL,NULL,"37"),
("925","21","59",NULL,NULL,NULL,"37"),
("926","22","59",NULL,NULL,NULL,"37"),
("927","23","59",NULL,NULL,NULL,"37"),
("928","24","59",NULL,NULL,NULL,"37"),
("929","25","59",NULL,NULL,NULL,"37"),
("930","26","59",NULL,NULL,NULL,"37"),
("931","27","59",NULL,NULL,NULL,"37"),
("932","28","59",NULL,NULL,NULL,"37"),
("933","29","59",NULL,NULL,NULL,"37"),
("934","30","59",NULL,NULL,NULL,"37"),
("935","31","59",NULL,NULL,NULL,"37"),
("936","32","59",NULL,NULL,NULL,"37"),
("937","33","59",NULL,NULL,NULL,"37"),
("938","34","59",NULL,NULL,NULL,"37"),
("939","35","59",NULL,NULL,NULL,"37"),
("940","36","59",NULL,NULL,NULL,"37"),
("941","37","59",NULL,NULL,NULL,"37"),
("942","38","59",NULL,NULL,NULL,"37"),
("943","39","59",NULL,NULL,NULL,"37"),
("944","40","59",NULL,NULL,NULL,"37"),
("945","41","59",NULL,NULL,NULL,"37"),
("946","42","59",NULL,NULL,NULL,"37"),
("947","43","59",NULL,NULL,NULL,"37"),
("948","44","59",NULL,NULL,NULL,"37"),
("949","45","59",NULL,NULL,NULL,"37"),
("950","46","59",NULL,NULL,NULL,"37"),
("951","47","59",NULL,NULL,NULL,"37"),
("952","48","59",NULL,NULL,NULL,"37"),
("953","49","59",NULL,NULL,NULL,"37"),
("954","50","59",NULL,NULL,NULL,"37"),
("979","1","61","46699","136","1","39"),
("980","2","61","46831","141","1","39"),
("981","3","61","46823","141","1","39"),
("982","4","61","46763","138","1","39"),
("983","5","61","46712","136","1","39"),
("984","6","61","46775","139","1","39"),
("985","7","61","46767","138","1","39"),
("986","8","61","46714","136","1","39"),
("987","9","61","46753","138","1","39"),
("988","10","61","46749","138","1","39"),
("989","11","61","46788","139","1","39"),
("990","12","61","46766","138","1","39"),
("991","13","61",NULL,NULL,NULL,"39"),
("992","14","61","46840","141","1","39"),
("993","15","61","46837","141","1","39"),
("994","16","61","46735","137","1","39"),
("995","17","61",NULL,NULL,NULL,"39"),
("996","18","61",NULL,NULL,NULL,"39"),
("997","19","61",NULL,NULL,NULL,"39"),
("998","20","61","46727","137","1","39"),
("999","21","61",NULL,NULL,NULL,"39"),
("1000","22","61",NULL,NULL,NULL,"39"),
("1001","23","61",NULL,NULL,NULL,"39"),
("1002","24","61",NULL,NULL,NULL,"39"),
("1003","1","62","46995","148","1","40"),
("1004","2","62","46935","145","1","40"),
("1005","3","62","46939","146","1","40"),
("1006","4","62","46845","142","1","40"),
("1007","5","62","46841","142","1","40"),
("1008","6","62","46843","142","1","40"),
("1009","7","62","46876","143","1","40"),
("1010","8","62","46949","146","1","40"),
("1011","9","62","46857","142","1","40"),
("1012","10","62","46861","142","1","40"),
("1013","11","62","46906","144","1","40"),
("1014","12","62","46867","143","1","40"),
("1015","13","62","46970","147","1","40"),
("1016","14","62","46871","143","1","40"),
("1017","15","62",NULL,NULL,NULL,"40"),
("1018","16","62",NULL,NULL,NULL,"40"),
("1019","17","62",NULL,NULL,NULL,"40"),
("1020","18","62","46879","143","1","40"),
("1021","19","62","46847","142","1","40"),
("1022","20","62",NULL,NULL,NULL,"40"),
("1023","21","62","46955","146","1","40"),
("1024","22","62","46919","145","1","40"),
("1025","23","62",NULL,NULL,NULL,"40"),
("1026","24","62",NULL,NULL,NULL,"40"),
("1027","1","63","46853","142","1","40"),
("1028","2","63",NULL,NULL,NULL,"40"),
("1029","3","63","46898","144","1","40"),
("1030","4","63","46899","144","1","40"),
("1031","5","63","46903","144","1","40"),
("1032","6","63","46965","147","1","40"),
("1033","7","63",NULL,NULL,NULL,"40"),
("1034","8","63",NULL,NULL,NULL,"40"),
("1035","9","63",NULL,NULL,NULL,"40"),
("1036","10","63","46973","147","1","40"),
("1037","11","63",NULL,NULL,NULL,"40"),
("1038","12","63",NULL,NULL,NULL,"40"),
("1039","13","63",NULL,NULL,NULL,"40"),
("1040","14","63",NULL,NULL,NULL,"40"),
("1041","15","63",NULL,NULL,NULL,"40"),
("1042","16","63","46980","147","1","40"),
("1043","17","63","46881","143","1","40"),
("1044","18","63",NULL,NULL,NULL,"40"),
("1045","19","63","46952","146","1","40"),
("1046","20","63",NULL,NULL,NULL,"40"),
("1047","21","63",NULL,NULL,NULL,"40"),
("1048","22","63",NULL,NULL,NULL,"40"),
("1049","23","63",NULL,NULL,NULL,"40"),
("1050","24","63","47000","148","1","40"),
("1051","1","64",NULL,NULL,NULL,"41"),
("1052","2","64",NULL,NULL,NULL,"41"),
("1053","3","64",NULL,NULL,NULL,"41"),
("1054","4","64",NULL,NULL,NULL,"41"),
("1055","5","64",NULL,NULL,NULL,"41"),
("1056","6","64",NULL,NULL,NULL,"41"),
("1057","7","64",NULL,NULL,NULL,"41"),
("1058","8","64",NULL,NULL,NULL,"41"),
("1059","9","64",NULL,NULL,NULL,"41"),
("1060","10","64",NULL,NULL,NULL,"41"),
("1061","11","64",NULL,NULL,NULL,"41"),
("1062","12","64",NULL,NULL,NULL,"41"),
("1063","13","64",NULL,NULL,NULL,"41"),
("1064","14","64",NULL,NULL,NULL,"41"),
("1065","15","64",NULL,NULL,NULL,"41"),
("1066","16","64",NULL,NULL,NULL,"41"),
("1067","17","64",NULL,NULL,NULL,"41"),
("1068","18","64",NULL,NULL,NULL,"41"),
("1069","19","64",NULL,NULL,NULL,"41"),
("1070","20","64",NULL,NULL,NULL,"41"),
("1071","21","64",NULL,NULL,NULL,"41"),
("1072","22","64",NULL,NULL,NULL,"41"),
("1073","23","64",NULL,NULL,NULL,"41"),
("1074","24","64",NULL,NULL,NULL,"41"),
("1075","1","65",NULL,NULL,NULL,"41"),
("1076","2","65",NULL,NULL,NULL,"41"),
("1077","3","65",NULL,NULL,NULL,"41"),
("1078","4","65",NULL,NULL,NULL,"41"),
("1079","5","65",NULL,NULL,NULL,"41"),
("1080","6","65",NULL,NULL,NULL,"41"),
("1081","7","65",NULL,NULL,NULL,"41"),
("1082","8","65",NULL,NULL,NULL,"41"),
("1083","9","65",NULL,NULL,NULL,"41"),
("1084","10","65",NULL,NULL,NULL,"41"),
("1085","11","65",NULL,NULL,NULL,"41"),
("1086","12","65",NULL,NULL,NULL,"41"),
("1087","13","65",NULL,NULL,NULL,"41"),
("1088","14","65",NULL,NULL,NULL,"41"),
("1089","15","65",NULL,NULL,NULL,"41"),
("1090","16","65",NULL,NULL,NULL,"41"),
("1091","17","65",NULL,NULL,NULL,"41"),
("1092","18","65",NULL,NULL,NULL,"41"),
("1093","19","65",NULL,NULL,NULL,"41"),
("1094","20","65",NULL,NULL,NULL,"41"),
("1095","21","65",NULL,NULL,NULL,"41"),
("1096","22","65",NULL,NULL,NULL,"41"),
("1097","23","65",NULL,NULL,NULL,"41"),
("1098","24","65",NULL,NULL,NULL,"41"),
("1099","1","66","47213","157","1","42"),
("1100","2","66",NULL,NULL,NULL,"42"),
("1101","3","66","47169","155","1","42"),
("1102","4","66","47167","155","1","42"),
("1103","5","66",NULL,NULL,NULL,"42"),
("1104","6","66",NULL,NULL,NULL,"42"),
("1105","7","66",NULL,NULL,NULL,"42"),
("1106","8","66","47367","163","1","42"),
("1107","9","66",NULL,NULL,NULL,"42"),
("1108","10","66","47244","158","1","42"),
("1109","11","66","47359","163","1","42"),
("1110","12","66","47494","169","1","42"),
("1111","13","66",NULL,NULL,NULL,"42"),
("1112","14","66","47302","161","1","42"),
("1113","15","66",NULL,NULL,NULL,"42"),
("1114","16","66","47215","157","1","42"),
("1115","17","66","47191","156","1","42"),
("1116","18","66",NULL,NULL,NULL,"42"),
("1117","19","66","47153","155","1","42"),
("1118","20","66",NULL,NULL,NULL,"42"),
("1119","21","66","47211","157","1","42"),
("1120","22","66","47203","157","1","42"),
("1121","23","66",NULL,NULL,NULL,"42"),
("1122","24","66",NULL,NULL,NULL,"42"),
("1123","25","66",NULL,NULL,NULL,"42"),
("1124","26","66",NULL,NULL,NULL,"42"),
("1125","27","66",NULL,NULL,NULL,"42"),
("1126","28","66","47205","157","1","42"),
("1127","29","66","47219","157","1","42"),
("1128","30","66","47193","156","1","42"),
("1129","31","66","47283","160","1","42"),
("1130","32","66","47312","161","1","42"),
("1131","33","66",NULL,NULL,NULL,"42"),
("1132","34","66",NULL,NULL,NULL,"42"),
("1133","35","66",NULL,NULL,NULL,"42"),
("1134","36","66",NULL,NULL,NULL,"42"),
("1135","37","66",NULL,NULL,NULL,"42"),
("1136","38","66",NULL,NULL,NULL,"42"),
("1137","39","66",NULL,NULL,NULL,"42"),
("1138","40","66",NULL,NULL,NULL,"42"),
("1139","41","66",NULL,NULL,NULL,"42"),
("1140","42","66",NULL,NULL,NULL,"42"),
("1141","43","66",NULL,NULL,NULL,"42"),
("1142","44","66",NULL,NULL,NULL,"42"),
("1143","45","66",NULL,NULL,NULL,"42"),
("1144","46","66",NULL,NULL,NULL,"42"),
("1145","47","66",NULL,NULL,NULL,"42"),
("1146","48","66",NULL,NULL,NULL,"42"),
("1147","49","66",NULL,NULL,NULL,"42"),
("1148","50","66",NULL,NULL,NULL,"42"),
("1149","1","67",NULL,NULL,NULL,"42"),
("1150","2","67",NULL,NULL,NULL,"42"),
("1151","3","67",NULL,NULL,NULL,"42"),
("1152","4","67",NULL,NULL,NULL,"42"),
("1153","5","67",NULL,NULL,NULL,"42"),
("1154","6","67",NULL,NULL,NULL,"42"),
("1155","7","67",NULL,NULL,NULL,"42"),
("1156","8","67",NULL,NULL,NULL,"42"),
("1157","9","67",NULL,NULL,NULL,"42"),
("1158","10","67",NULL,NULL,NULL,"42"),
("1159","11","67",NULL,NULL,NULL,"42"),
("1160","12","67",NULL,NULL,NULL,"42"),
("1161","13","67",NULL,NULL,NULL,"42"),
("1162","14","67",NULL,NULL,NULL,"42"),
("1163","15","67",NULL,NULL,NULL,"42"),
("1164","16","67",NULL,NULL,NULL,"42"),
("1165","17","67",NULL,NULL,NULL,"42"),
("1166","18","67",NULL,NULL,NULL,"42"),
("1167","19","67",NULL,NULL,NULL,"42"),
("1168","20","67",NULL,NULL,NULL,"42"),
("1169","21","67",NULL,NULL,NULL,"42"),
("1170","22","67",NULL,NULL,NULL,"42"),
("1171","23","67",NULL,NULL,NULL,"42"),
("1172","24","67",NULL,NULL,NULL,"42"),
("1173","25","67",NULL,NULL,NULL,"42"),
("1174","26","67",NULL,NULL,NULL,"42"),
("1175","27","67",NULL,NULL,NULL,"42"),
("1176","28","67",NULL,NULL,NULL,"42"),
("1177","29","67",NULL,NULL,NULL,"42"),
("1178","30","67",NULL,NULL,NULL,"42"),
("1179","31","67",NULL,NULL,NULL,"42"),
("1180","32","67",NULL,NULL,NULL,"42"),
("1181","33","67",NULL,NULL,NULL,"42"),
("1182","34","67",NULL,NULL,NULL,"42"),
("1183","35","67",NULL,NULL,NULL,"42"),
("1184","36","67",NULL,NULL,NULL,"42"),
("1185","37","67",NULL,NULL,NULL,"42"),
("1186","38","67",NULL,NULL,NULL,"42"),
("1187","39","67",NULL,NULL,NULL,"42"),
("1188","40","67",NULL,NULL,NULL,"42"),
("1189","41","67",NULL,NULL,NULL,"42"),
("1190","42","67",NULL,NULL,NULL,"42"),
("1191","43","67",NULL,NULL,NULL,"42"),
("1192","44","67",NULL,NULL,NULL,"42"),
("1193","45","67",NULL,NULL,NULL,"42"),
("1194","46","67",NULL,NULL,NULL,"42"),
("1195","47","67",NULL,NULL,NULL,"42"),
("1196","48","67",NULL,NULL,NULL,"42"),
("1197","49","67",NULL,NULL,NULL,"42"),
("1198","50","67",NULL,NULL,NULL,"42"),
("1211","1","69",NULL,NULL,NULL,"42"),
("1212","2","69",NULL,NULL,NULL,"42"),
("1213","3","69","47298","161","1","42"),
("1214","4","69",NULL,NULL,NULL,"42"),
("1215","5","69",NULL,NULL,NULL,"42"),
("1216","6","69","47266","159","1","42"),
("1217","7","69","47364","163","1","42"),
("1218","8","69",NULL,NULL,NULL,"42"),
("1219","9","69",NULL,NULL,NULL,"42"),
("1220","10","69",NULL,NULL,NULL,"42"),
("1221","11","69","47346","163","1","42"),
("1222","12","69",NULL,NULL,NULL,"42"),
("1223","13","69",NULL,NULL,NULL,"42"),
("1224","14","69",NULL,NULL,NULL,"42"),
("1225","15","69",NULL,NULL,NULL,"42"),
("1226","16","69",NULL,NULL,NULL,"42"),
("1227","17","69",NULL,NULL,NULL,"42"),
("1228","18","69",NULL,NULL,NULL,"42"),
("1229","19","69",NULL,NULL,NULL,"42"),
("1230","20","69",NULL,NULL,NULL,"42"),
("1231","21","69",NULL,NULL,NULL,"42"),
("1232","22","69",NULL,NULL,NULL,"42"),
("1233","23","69","47209","157","1","42"),
("1234","24","69",NULL,NULL,NULL,"42"),
("1259","1","71",NULL,NULL,NULL,"44"),
("1260","2","71",NULL,NULL,NULL,"44"),
("1261","3","71",NULL,NULL,NULL,"44"),
("1262","4","71",NULL,NULL,NULL,"44"),
("1263","5","71",NULL,NULL,NULL,"44"),
("1264","6","71",NULL,NULL,NULL,"44"),
("1265","7","71",NULL,NULL,NULL,"44"),
("1266","8","71",NULL,NULL,NULL,"44"),
("1267","9","71",NULL,NULL,NULL,"44"),
("1268","10","71",NULL,NULL,NULL,"44"),
("1269","11","71",NULL,NULL,NULL,"44"),
("1270","12","71",NULL,NULL,NULL,"44"),
("1271","13","71",NULL,NULL,NULL,"44"),
("1272","14","71",NULL,NULL,NULL,"44"),
("1273","15","71",NULL,NULL,NULL,"44"),
("1274","16","71",NULL,NULL,NULL,"44"),
("1275","17","71",NULL,NULL,NULL,"44"),
("1276","18","71",NULL,NULL,NULL,"44"),
("1277","19","71",NULL,NULL,NULL,"44"),
("1278","20","71",NULL,NULL,NULL,"44"),
("1279","21","71",NULL,NULL,NULL,"44"),
("1280","22","71",NULL,NULL,NULL,"44"),
("1281","23","71",NULL,NULL,NULL,"44"),
("1282","24","71",NULL,NULL,NULL,"44"),
("1283","1","72",NULL,NULL,NULL,"44"),
("1284","2","72",NULL,NULL,NULL,"44"),
("1285","3","72",NULL,NULL,NULL,"44"),
("1286","4","72",NULL,NULL,NULL,"44"),
("1287","5","72",NULL,NULL,NULL,"44"),
("1288","6","72",NULL,NULL,NULL,"44"),
("1289","7","72",NULL,NULL,NULL,"44"),
("1290","8","72",NULL,NULL,NULL,"44"),
("1291","9","72",NULL,NULL,NULL,"44"),
("1292","10","72",NULL,NULL,NULL,"44"),
("1293","11","72",NULL,NULL,NULL,"44"),
("1294","12","72",NULL,NULL,NULL,"44"),
("1295","13","72",NULL,NULL,NULL,"44"),
("1296","14","72",NULL,NULL,NULL,"44"),
("1297","15","72",NULL,NULL,NULL,"44"),
("1298","16","72",NULL,NULL,NULL,"44"),
("1299","17","72",NULL,NULL,NULL,"44"),
("1300","18","72",NULL,NULL,NULL,"44"),
("1301","19","72",NULL,NULL,NULL,"44"),
("1302","20","72",NULL,NULL,NULL,"44"),
("1303","21","72",NULL,NULL,NULL,"44"),
("1304","22","72",NULL,NULL,NULL,"44"),
("1305","23","72",NULL,NULL,NULL,"44"),
("1306","24","72",NULL,NULL,NULL,"44"),
("1307","1","73",NULL,NULL,NULL,"45"),
("1308","2","73",NULL,NULL,NULL,"45"),
("1309","3","73",NULL,NULL,NULL,"45"),
("1310","4","73",NULL,NULL,NULL,"45"),
("1311","5","73",NULL,NULL,NULL,"45"),
("1312","6","73",NULL,NULL,NULL,"45"),
("1313","7","73",NULL,NULL,NULL,"45"),
("1314","8","73",NULL,NULL,NULL,"45"),
("1315","9","73",NULL,NULL,NULL,"45"),
("1316","10","73",NULL,NULL,NULL,"45"),
("1317","11","73",NULL,NULL,NULL,"45"),
("1318","12","73",NULL,NULL,NULL,"45"),
("1319","13","73",NULL,NULL,NULL,"45"),
("1320","14","73",NULL,NULL,NULL,"45"),
("1321","15","73",NULL,NULL,NULL,"45"),
("1322","16","73",NULL,NULL,NULL,"45"),
("1323","17","73",NULL,NULL,NULL,"45"),
("1324","18","73",NULL,NULL,NULL,"45"),
("1325","19","73",NULL,NULL,NULL,"45"),
("1326","20","73",NULL,NULL,NULL,"45"),
("1327","21","73",NULL,NULL,NULL,"45"),
("1328","22","73",NULL,NULL,NULL,"45"),
("1329","23","73",NULL,NULL,NULL,"45"),
("1330","24","73",NULL,NULL,NULL,"45"),
("1331","1","74",NULL,NULL,NULL,"46"),
("1332","2","74",NULL,NULL,NULL,"46"),
("1333","3","74",NULL,NULL,NULL,"46"),
("1334","4","74",NULL,NULL,NULL,"46"),
("1335","5","74",NULL,NULL,NULL,"46"),
("1336","6","74",NULL,NULL,NULL,"46"),
("1337","7","74",NULL,NULL,NULL,"46"),
("1338","8","74",NULL,NULL,NULL,"46"),
("1339","9","74",NULL,NULL,NULL,"46"),
("1340","10","74",NULL,NULL,NULL,"46"),
("1341","11","74",NULL,NULL,NULL,"46"),
("1342","12","74",NULL,NULL,NULL,"46"),
("1343","13","74",NULL,NULL,NULL,"46"),
("1344","14","74",NULL,NULL,NULL,"46"),
("1345","15","74",NULL,NULL,NULL,"46"),
("1346","16","74",NULL,NULL,NULL,"46"),
("1347","17","74",NULL,NULL,NULL,"46"),
("1348","18","74",NULL,NULL,NULL,"46"),
("1349","19","74",NULL,NULL,NULL,"46"),
("1350","20","74",NULL,NULL,NULL,"46"),
("1351","21","74",NULL,NULL,NULL,"46"),
("1352","22","74",NULL,NULL,NULL,"46"),
("1353","23","74",NULL,NULL,NULL,"46"),
("1354","24","74",NULL,NULL,NULL,"46"),
("1355","1","75","47975","189","1","47"),
("1356","2","75",NULL,NULL,NULL,"47"),
("1357","3","75",NULL,NULL,NULL,"47"),
("1358","4","75","48005","190","1","47"),
("1359","5","75","48001","190","1","47"),
("1360","6","75","47991","189","1","47"),
("1361","7","75",NULL,NULL,NULL,"47"),
("1362","8","75",NULL,NULL,NULL,"47"),
("1363","9","75","47974","189","1","47"),
("1364","10","75","48003","190","1","47"),
("1365","11","75",NULL,NULL,NULL,"47"),
("1366","12","75",NULL,NULL,NULL,"47"),
("1367","13","75",NULL,NULL,NULL,"47"),
("1368","14","75",NULL,NULL,NULL,"47"),
("1369","15","75",NULL,NULL,NULL,"47"),
("1370","16","75",NULL,NULL,NULL,"47"),
("1371","17","75",NULL,NULL,NULL,"47"),
("1372","18","75",NULL,NULL,NULL,"47"),
("1373","19","75",NULL,NULL,NULL,"47"),
("1374","20","75",NULL,NULL,NULL,"47"),
("1375","21","75",NULL,NULL,NULL,"47"),
("1376","22","75",NULL,NULL,NULL,"47"),
("1377","23","75",NULL,NULL,NULL,"47"),
("1378","24","75",NULL,NULL,NULL,"47"),
("1379","1","76",NULL,NULL,NULL,"48"),
("1380","2","76",NULL,NULL,NULL,"48"),
("1381","3","76",NULL,NULL,NULL,"48"),
("1382","4","76",NULL,NULL,NULL,"48"),
("1383","5","76",NULL,NULL,NULL,"48"),
("1384","6","76",NULL,NULL,NULL,"48"),
("1385","7","76",NULL,NULL,NULL,"48"),
("1386","8","76",NULL,NULL,NULL,"48"),
("1387","9","76",NULL,NULL,NULL,"48"),
("1388","10","76",NULL,NULL,NULL,"48"),
("1389","11","76",NULL,NULL,NULL,"48"),
("1390","12","76",NULL,NULL,NULL,"48"),
("1391","13","76",NULL,NULL,NULL,"48"),
("1392","14","76",NULL,NULL,NULL,"48"),
("1393","15","76",NULL,NULL,NULL,"48"),
("1394","16","76",NULL,NULL,NULL,"48"),
("1395","17","76",NULL,NULL,NULL,"48"),
("1396","18","76",NULL,NULL,NULL,"48"),
("1397","19","76",NULL,NULL,NULL,"48"),
("1398","20","76",NULL,NULL,NULL,"48"),
("1399","21","76",NULL,NULL,NULL,"48"),
("1400","22","76",NULL,NULL,NULL,"48"),
("1401","23","76",NULL,NULL,NULL,"48"),
("1402","24","76",NULL,NULL,NULL,"48"),
("1403","25","76",NULL,NULL,NULL,"48"),
("1404","26","76",NULL,NULL,NULL,"48"),
("1405","27","76",NULL,NULL,NULL,"48"),
("1406","28","76",NULL,NULL,NULL,"48"),
("1407","29","76",NULL,NULL,NULL,"48"),
("1408","30","76",NULL,NULL,NULL,"48"),
("1409","1","77",NULL,NULL,NULL,"48"),
("1410","2","77",NULL,NULL,NULL,"48"),
("1411","3","77",NULL,NULL,NULL,"48"),
("1412","4","77",NULL,NULL,NULL,"48"),
("1413","5","77",NULL,NULL,NULL,"48"),
("1414","6","77",NULL,NULL,NULL,"48"),
("1415","7","77",NULL,NULL,NULL,"48"),
("1416","8","77",NULL,NULL,NULL,"48"),
("1417","9","77",NULL,NULL,NULL,"48"),
("1418","10","77",NULL,NULL,NULL,"48"),
("1419","11","77",NULL,NULL,NULL,"48"),
("1420","12","77",NULL,NULL,NULL,"48"),
("1421","13","77",NULL,NULL,NULL,"48"),
("1422","14","77",NULL,NULL,NULL,"48"),
("1423","15","77",NULL,NULL,NULL,"48"),
("1424","16","77",NULL,NULL,NULL,"48"),
("1425","17","77",NULL,NULL,NULL,"48"),
("1426","18","77",NULL,NULL,NULL,"48"),
("1427","19","77",NULL,NULL,NULL,"48"),
("1428","20","77",NULL,NULL,NULL,"48"),
("1429","21","77",NULL,NULL,NULL,"48"),
("1430","22","77",NULL,NULL,NULL,"48"),
("1431","23","77",NULL,NULL,NULL,"48"),
("1432","24","77",NULL,NULL,NULL,"48"),
("1433","25","77",NULL,NULL,NULL,"48"),
("1434","26","77",NULL,NULL,NULL,"48"),
("1435","27","77",NULL,NULL,NULL,"48"),
("1436","28","77",NULL,NULL,NULL,"48"),
("1437","29","77",NULL,NULL,NULL,"48"),
("1438","30","77",NULL,NULL,NULL,"48"),
("1439","31","77",NULL,NULL,NULL,"48"),
("1440","32","77",NULL,NULL,NULL,"48"),
("1441","33","77",NULL,NULL,NULL,"48"),
("1442","34","77",NULL,NULL,NULL,"48"),
("1443","35","77",NULL,NULL,NULL,"48"),
("1444","36","77",NULL,NULL,NULL,"48"),
("1445","37","77",NULL,NULL,NULL,"48"),
("1446","38","77",NULL,NULL,NULL,"48"),
("1447","39","77",NULL,NULL,NULL,"48"),
("1448","40","77",NULL,NULL,NULL,"48"),
("1449","41","77",NULL,NULL,NULL,"48"),
("1450","42","77",NULL,NULL,NULL,"48"),
("1451","43","77",NULL,NULL,NULL,"48"),
("1452","44","77",NULL,NULL,NULL,"48"),
("1453","45","77",NULL,NULL,NULL,"48"),
("1454","46","77",NULL,NULL,NULL,"48"),
("1455","47","77",NULL,NULL,NULL,"48"),
("1456","48","77",NULL,NULL,NULL,"48"),
("1457","49","77",NULL,NULL,NULL,"48"),
("1458","50","77",NULL,NULL,NULL,"48"),
("1459","1","78",NULL,NULL,NULL,"48"),
("1460","2","78",NULL,NULL,NULL,"48"),
("1461","3","78",NULL,NULL,NULL,"48"),
("1462","4","78",NULL,NULL,NULL,"48"),
("1463","5","78",NULL,NULL,NULL,"48"),
("1464","6","78",NULL,NULL,NULL,"48"),
("1465","7","78",NULL,NULL,NULL,"48"),
("1466","8","78",NULL,NULL,NULL,"48"),
("1467","9","78",NULL,NULL,NULL,"48"),
("1468","10","78",NULL,NULL,NULL,"48"),
("1469","11","78",NULL,NULL,NULL,"48"),
("1470","12","78",NULL,NULL,NULL,"48"),
("1471","13","78",NULL,NULL,NULL,"48"),
("1472","14","78",NULL,NULL,NULL,"48"),
("1473","15","78",NULL,NULL,NULL,"48"),
("1474","16","78",NULL,NULL,NULL,"48"),
("1475","17","78",NULL,NULL,NULL,"48"),
("1476","18","78",NULL,NULL,NULL,"48"),
("1477","19","78",NULL,NULL,NULL,"48"),
("1478","20","78",NULL,NULL,NULL,"48"),
("1479","21","78",NULL,NULL,NULL,"48"),
("1480","22","78",NULL,NULL,NULL,"48"),
("1481","23","78",NULL,NULL,NULL,"48"),
("1482","24","78",NULL,NULL,NULL,"48"),
("1483","25","78",NULL,NULL,NULL,"48"),
("1484","26","78",NULL,NULL,NULL,"48"),
("1485","27","78",NULL,NULL,NULL,"48"),
("1486","28","78",NULL,NULL,NULL,"48"),
("1487","29","78",NULL,NULL,NULL,"48"),
("1488","30","78",NULL,NULL,NULL,"48"),
("1489","31","78",NULL,NULL,NULL,"48"),
("1490","32","78",NULL,NULL,NULL,"48"),
("1491","33","78",NULL,NULL,NULL,"48"),
("1492","34","78",NULL,NULL,NULL,"48"),
("1493","35","78",NULL,NULL,NULL,"48"),
("1494","36","78",NULL,NULL,NULL,"48"),
("1495","37","78",NULL,NULL,NULL,"48"),
("1496","38","78",NULL,NULL,NULL,"48"),
("1497","39","78",NULL,NULL,NULL,"48"),
("1498","40","78",NULL,NULL,NULL,"48"),
("1499","41","78",NULL,NULL,NULL,"48"),
("1500","42","78",NULL,NULL,NULL,"48"),
("1501","43","78",NULL,NULL,NULL,"48"),
("1502","44","78",NULL,NULL,NULL,"48"),
("1503","45","78",NULL,NULL,NULL,"48"),
("1504","46","78",NULL,NULL,NULL,"48"),
("1505","47","78",NULL,NULL,NULL,"48"),
("1506","48","78",NULL,NULL,NULL,"48"),
("1507","49","78",NULL,NULL,NULL,"48"),
("1508","50","78",NULL,NULL,NULL,"48"),
("1509","1","79","47447","167","1","43"),
("1510","2","79","47477","168","1","43"),
("1511","3","79",NULL,NULL,NULL,"43"),
("1512","4","79",NULL,NULL,NULL,"43"),
("1513","5","79",NULL,NULL,NULL,"43"),
("1514","6","79","47525","170","1","43"),
("1515","7","79",NULL,NULL,NULL,"43"),
("1516","8","79","47453","167","1","43"),
("1517","9","79",NULL,NULL,NULL,"43"),
("1518","10","79",NULL,NULL,NULL,"43"),
("1519","11","79",NULL,NULL,NULL,"43"),
("1520","12","79",NULL,NULL,NULL,"43"),
("1521","13","79",NULL,NULL,NULL,"43"),
("1522","14","79",NULL,NULL,NULL,"43"),
("1523","15","79",NULL,NULL,NULL,"43"),
("1524","16","79","47423","166","1","43"),
("1525","17","79","47461","167","1","43"),
("1526","18","79","47465","168","1","43"),
("1527","19","79","47415","165","1","43"),
("1528","20","79",NULL,NULL,NULL,"43"),
("1529","21","79",NULL,NULL,NULL,"43"),
("1530","22","79",NULL,NULL,NULL,"43"),
("1531","23","79",NULL,NULL,NULL,"43"),
("1532","24","79","47413","165","1","43"),
("1533","25","79",NULL,NULL,NULL,"43"),
("1534","26","79","47533","170","1","43"),
("1535","27","79",NULL,NULL,NULL,"43"),
("1536","28","79",NULL,NULL,NULL,"43"),
("1537","29","79","47373","164","1","43"),
("1538","30","79","47517","170","1","43"),
("1539","31","79",NULL,NULL,NULL,"43"),
("1540","32","79",NULL,NULL,NULL,"43"),
("1541","33","79","47399","165","1","43"),
("1542","34","79",NULL,NULL,NULL,"43"),
("1543","35","79",NULL,NULL,NULL,"43"),
("1544","36","79",NULL,NULL,NULL,"43"),
("1545","37","79","47445","167","1","43"),
("1546","38","79",NULL,NULL,NULL,"43"),
("1547","39","79",NULL,NULL,NULL,"43"),
("1548","40","79",NULL,NULL,NULL,"43"),
("1549","41","79",NULL,NULL,NULL,"43"),
("1550","42","79",NULL,NULL,NULL,"43"),
("1551","43","79",NULL,NULL,NULL,"43"),
("1552","44","79",NULL,NULL,NULL,"43"),
("1553","45","79",NULL,NULL,NULL,"43"),
("1554","46","79",NULL,NULL,NULL,"43"),
("1555","47","79",NULL,NULL,NULL,"43"),
("1556","48","79",NULL,NULL,NULL,"43"),
("1557","49","79",NULL,NULL,NULL,"43"),
("1558","50","79","47387","164","1","43"),
("1583","1","81",NULL,NULL,NULL,"49"),
("1584","2","81",NULL,NULL,NULL,"49"),
("1585","3","81",NULL,NULL,NULL,"49"),
("1586","4","81",NULL,NULL,NULL,"49"),
("1587","5","81",NULL,NULL,NULL,"49"),
("1588","6","81",NULL,NULL,NULL,"49"),
("1589","7","81",NULL,NULL,NULL,"49"),
("1590","8","81",NULL,NULL,NULL,"49"),
("1591","9","81",NULL,NULL,NULL,"49"),
("1592","10","81",NULL,NULL,NULL,"49"),
("1593","11","81",NULL,NULL,NULL,"49"),
("1594","12","81",NULL,NULL,NULL,"49"),
("1595","13","81",NULL,NULL,NULL,"49"),
("1596","14","81",NULL,NULL,NULL,"49"),
("1597","15","81",NULL,NULL,NULL,"49"),
("1598","16","81",NULL,NULL,NULL,"49"),
("1599","17","81",NULL,NULL,NULL,"49"),
("1600","18","81",NULL,NULL,NULL,"49"),
("1601","19","81",NULL,NULL,NULL,"49"),
("1602","20","81",NULL,NULL,NULL,"49"),
("1603","21","81",NULL,NULL,NULL,"49"),
("1604","22","81",NULL,NULL,NULL,"49"),
("1605","23","81",NULL,NULL,NULL,"49"),
("1606","24","81",NULL,NULL,NULL,"49"),
("1607","25","81",NULL,NULL,NULL,"49"),
("1608","26","81",NULL,NULL,NULL,"49"),
("1609","27","81",NULL,NULL,NULL,"49"),
("1610","28","81",NULL,NULL,NULL,"49"),
("1611","29","81",NULL,NULL,NULL,"49"),
("1612","30","81",NULL,NULL,NULL,"49"),
("1613","31","81",NULL,NULL,NULL,"49"),
("1614","32","81",NULL,NULL,NULL,"49"),
("1615","33","81",NULL,NULL,NULL,"49"),
("1616","34","81",NULL,NULL,NULL,"49"),
("1617","35","81",NULL,NULL,NULL,"49"),
("1618","36","81",NULL,NULL,NULL,"49"),
("1619","37","81",NULL,NULL,NULL,"49"),
("1620","38","81",NULL,NULL,NULL,"49"),
("1621","39","81",NULL,NULL,NULL,"49"),
("1622","40","81",NULL,NULL,NULL,"49"),
("1623","41","81",NULL,NULL,NULL,"49"),
("1624","42","81",NULL,NULL,NULL,"49"),
("1625","43","81",NULL,NULL,NULL,"49"),
("1626","44","81",NULL,NULL,NULL,"49"),
("1627","45","81",NULL,NULL,NULL,"49"),
("1628","46","81",NULL,NULL,NULL,"49"),
("1629","47","81",NULL,NULL,NULL,"49"),
("1630","48","81",NULL,NULL,NULL,"49"),
("1631","49","81",NULL,NULL,NULL,"49"),
("1632","50","81",NULL,NULL,NULL,"49"),
("1633","1","82",NULL,NULL,NULL,"50"),
("1634","2","82",NULL,NULL,NULL,"50"),
("1635","3","82",NULL,NULL,NULL,"50"),
("1636","4","82",NULL,NULL,NULL,"50"),
("1637","5","82",NULL,NULL,NULL,"50"),
("1638","6","82",NULL,NULL,NULL,"50"),
("1639","7","82",NULL,NULL,NULL,"50"),
("1640","8","82",NULL,NULL,NULL,"50"),
("1641","9","82",NULL,NULL,NULL,"50"),
("1642","10","82",NULL,NULL,NULL,"50"),
("1643","11","82",NULL,NULL,NULL,"50"),
("1644","12","82",NULL,NULL,NULL,"50"),
("1645","13","82",NULL,NULL,NULL,"50"),
("1646","14","82",NULL,NULL,NULL,"50"),
("1647","15","82",NULL,NULL,NULL,"50"),
("1648","16","82",NULL,NULL,NULL,"50"),
("1649","17","82",NULL,NULL,NULL,"50"),
("1650","18","82",NULL,NULL,NULL,"50"),
("1651","19","82",NULL,NULL,NULL,"50"),
("1652","20","82",NULL,NULL,NULL,"50"),
("1653","21","82",NULL,NULL,NULL,"50"),
("1654","22","82",NULL,NULL,NULL,"50"),
("1655","23","82",NULL,NULL,NULL,"50"),
("1656","24","82",NULL,NULL,NULL,"50"),
("1657","1","83",NULL,NULL,NULL,"35"),
("1658","2","83",NULL,NULL,NULL,"35"),
("1659","3","83",NULL,NULL,NULL,"35"),
("1660","4","83",NULL,NULL,NULL,"35"),
("1661","5","83",NULL,NULL,NULL,"35"),
("1662","6","83",NULL,NULL,NULL,"35"),
("1663","7","83",NULL,NULL,NULL,"35"),
("1664","8","83",NULL,NULL,NULL,"35"),
("1665","9","83",NULL,NULL,NULL,"35"),
("1666","10","83",NULL,NULL,NULL,"35"),
("1667","11","83",NULL,NULL,NULL,"35"),
("1668","12","83",NULL,NULL,NULL,"35"),
("1669","13","83",NULL,NULL,NULL,"35"),
("1670","14","83",NULL,NULL,NULL,"35"),
("1671","15","83",NULL,NULL,NULL,"35"),
("1672","16","83",NULL,NULL,NULL,"35"),
("1673","17","83",NULL,NULL,NULL,"35"),
("1674","18","83",NULL,NULL,NULL,"35"),
("1675","19","83",NULL,NULL,NULL,"35"),
("1676","20","83",NULL,NULL,NULL,"35"),
("1677","21","83",NULL,NULL,NULL,"35"),
("1678","22","83",NULL,NULL,NULL,"35"),
("1679","23","83",NULL,NULL,NULL,"35"),
("1680","24","83",NULL,NULL,NULL,"35"),
("1681","25","83",NULL,NULL,NULL,"35"),
("1682","26","83",NULL,NULL,NULL,"35"),
("1683","27","83",NULL,NULL,NULL,"35"),
("1684","28","83",NULL,NULL,NULL,"35"),
("1685","29","83",NULL,NULL,NULL,"35"),
("1686","30","83",NULL,NULL,NULL,"35");

CREATE TABLE IF NOT EXISTS `rack` (
`cod_rack` int(10) NOT NULL AUTO_INCREMENT,
`nome` varchar(10) DEFAULT NULL ,
`local` varchar(50) DEFAULT NULL ,
`bloco` varchar(4) DEFAULT NULL ,
`patrimonio` varchar(30) DEFAULT NULL ,
`chave` varchar(10) DEFAULT NULL ,
PRIMARY KEY (`cod_rack`)
) ENGINE=InnoDB AUTO_INCREMENT=54 DEFAULT CHARSET=utf8mb4 COLLATE=utf8_bin; 

INSERT INTO `rack` VALUES 
("34","B","832","1",NULL,"1"),
("35","A","871","1",NULL,NULL),
("36","H","883","1",NULL,"4"),
("37","U","937","1",NULL,"14"),
("39","G","846","1",NULL,"3"),
("40","F","887","1",NULL,"2"),
("41","P 1A","850","1",NULL,"20"),
("42","N","861","6",NULL,"7"),
("43","M","894","8",NULL,"31"),
("44","T","903","11",NULL,"13"),
("45","W","932","1",NULL,"16"),
("46","O","836","3",NULL,"8"),
("47","Z","867","2",NULL,"39"),
("48","V","935","2",NULL,"15"),
("49","R","864","4",NULL,"11"),
("50","K","864","9","24106976","44"),
("52","TESTE","891","01",NULL,"10");

CREATE TABLE IF NOT EXISTS `ramal` (
`cod_ramal` int(10) NOT NULL AUTO_INCREMENT,
`numero` int(15) NOT NULL ,
`pabx` varchar(10) DEFAULT NULL ,
`rack` varchar(30) DEFAULT NULL ,
`interno` varchar(10) DEFAULT NULL ,
`porta` varchar(10) DEFAULT NULL ,
`categoria` varchar(10) DEFAULT NULL ,
`setor` varchar(30) DEFAULT NULL ,
`pt_usuario` varchar(20) DEFAULT NULL ,
`grupo_chamada` varchar(30) DEFAULT NULL ,
PRIMARY KEY (`cod_ramal`)
) ENGINE=InnoDB AUTO_INCREMENT=6897 DEFAULT CHARSET=utf8mb4 COLLATE=utf8_bin; 

INSERT INTO `ramal` VALUES 
("6394","33144508",NULL,"A",NULL,"1 - 5","5","871","07","UART"),
("6395","33144810",NULL,"A",NULL,"2 - 23","6","871","01","UART"),
("6396","33144511",NULL,"A",NULL,"1 - 8","6","854","21","DTI"),
("6397","33144030",NULL,"A",NULL,"2 - 5","5","854","17","UART"),
("6398","33144517",NULL,"A",NULL,"1 - 3","3","871","27","USI"),
("6399","33144509",NULL,"A",NULL,"2 - 10","6","871","31","USI"),
("6400","33144518",NULL,"A",NULL,"1 - 15","6","871","11"," UART"),
("6401","33144064",NULL,"A",NULL,"1 - 11","5","871","09","UART"),
("6402","33144009",NULL,"A",NULL,"2 - 16","5","871","13","UART"),
("6403","33144869",NULL,"A",NULL,"2 - 9","3","871","147","UART"),
("6404","33144551",NULL,"A",NULL,"2 - 24","5","871","33","USI"),
("6405","33144925",NULL,"A",NULL,"2 - 3","5","871","35","USI"),
("6406","33144543",NULL,"A",NULL,"3 - 3","5","871","25","USI"),
("6407","33144516",NULL,"A",NULL,"1 - 13","6","862","37","UDAS"),
("6408","33144515",NULL,"A",NULL,"3 - 19","4","862","45","UDAS"),
("6409","33144519",NULL,"A",NULL,"1 - 16","5","862","49","UDAS"),
("6410","33144512",NULL,"A",NULL,"1 - 10","4","862","48","UDAS"),
("6411","33144513",NULL,"A",NULL,"1 - 14","4","862","41","UDAS"),
("6412","33144076",NULL,"A",NULL,"2 - 13","5","863","107","SAF"),
("6413","33144527",NULL,"A",NULL,"2 - 18","5","863","105","SAF"),
("6414","33144026",NULL,"A",NULL,"2 - 22","5","863","89","SAF"),
("6415","33144541",NULL,"A",NULL,"2 - 14","5","863","81","SAF"),
("6417","33144548",NULL,"A",NULL,"2 - 21","3","863","91","SAF"),
("6418","33144542",NULL,"A",NULL,"2 - 15","5","863","95","SAF"),
("6419","33144546",NULL,"A",NULL,"2 - 19","5","863","97","SAF"),
("6420","33144545",NULL,"A",NULL,"1 - 9","5","863","93","SAF"),
("6422","33144579",NULL,"A",NULL,"1 - 2","4","857","127","SO"),
("6423","33144522",NULL,"A",NULL,"1 - 19","6","857","145","SCONTR"),
("6424","33144524",NULL,"A",NULL,"1 - 21","6","857","131","SCONTR"),
("6425","33144537",NULL,"A",NULL,"3 - 15","5","857","133","SCONTR"),
("6426","33144529",NULL,"A",NULL,"2 - 2","5","884","73","SCONT"),
("6427","33144612",NULL,"A",NULL,"3 - 20","4","884","77","SO"),
("6428","33144532",NULL,"A",NULL,NULL,"5","884",NULL,NULL),
("6429","33144535",NULL,"A",NULL,"2 - 12","3","884","75","SCONT"),
("6430","33144534",NULL,"A",NULL,"2 - 7","5","884","83","SCONT"),
("6431","33144538",NULL,"A",NULL,"2 - 11","3","884","85","SCONT"),
("6432","33144536",NULL,"A",NULL,"3 - 18","5","884","87","SCONT"),
("6433","33144565",NULL,"A",NULL,"3 - 24","4","852","120","SO"),
("6434","33144549",NULL,"A",NULL,"3 - 11","5","834","100","ADPGF"),
("6435","33144634",NULL,"A",NULL,"3 - 12","5","852","99","ADPGF"),
("6436","33144502",NULL,"A",NULL,"3 - 17","5","857","141","SCONTR"),
("6437","33144859",NULL,"A",NULL,"1 - 24","4","885","69","SO"),
("6438","33144632",NULL,"A",NULL,"3 - 10","4","885","67","SO"),
("6439","33144648",NULL,"A",NULL,"3 - 14","4","885","71","SO"),
("6440","33144531",NULL,"A",NULL,"2 - 4","5","863","59","SAF"),
("6441","33144633",NULL,"A",NULL,"1 - 7","4","913","151","SO"),
("6442","33144555",NULL,"A",NULL,"3 - 4","5","913","153","SO"),
("6443","33144526",NULL,"A",NULL,"1 - 23","5","875","53","SC"),
("6444","33144552",NULL,"A",NULL,"3 - 1","15","842","149","SO"),
("6445","33144558",NULL,"A",NULL,"3 - 7","4","875","57","SO"),
("6446","33144525",NULL,"A",NULL,"1 - 22","3","875","51","SC"),
("6448","33144528",NULL,"A",NULL,"2 - 1","3","875","55","SC"),
("6449","33144564",NULL,"A",NULL,"3 - 23","16","852","115","ADPGF"),
("6450","33144767",NULL,"A",NULL,NULL,"5","852",NULL,"ADPGF"),
("6451","33144727",NULL,"A",NULL,NULL,"5","852",NULL,"ADPGF"),
("6453","33144848",NULL,"H",NULL,"3 - 7","4","909","163","DCL"),
("6454","33144798",NULL,"H",NULL,"3 - 8","6","832","153","DCL"),
("6455","33144876",NULL,"H",NULL,"2 - 23","6","909","151","DCL"),
("6456","33144849",NULL,"H",NULL,"3 - 4","4","909","165","DCL"),
("6457","33144877",NULL,"H",NULL,"3 - 6","4","909","78","DCL"),
("6458","33144721",NULL,"H",NULL,"3 - 19","5","909","167","DCL"),
("6459","33144875",NULL,"H",NULL,"2 - 24","5","909","141","DCL"),
("6460","33144620",NULL,"H",NULL,"2 - 3","16","843","99","DGP"),
("6461","33144818",NULL,"H",NULL,NULL,"4","843",NULL,"DPGF/DE"),
("6462","33144065",NULL,"H",NULL,"3 - 11","1","831","134",NULL),
("6463","33144576",NULL,"H",NULL,"2 - 12","16","831","109","ACS"),
("6464","33144029",NULL,"G",NULL,"2 - 9","4","843","105","DGP"),
("6466","33144890",NULL,"H",NULL,"3 - 15","4","889","87","SH"),
("6467","33144575",NULL,"H",NULL,"2 - 11","5","831","143","ACS"),
("6468","33144690",NULL,"H",NULL,"1 - 3","5","831","135","ACS"),
("6469","33144884",NULL,"H",NULL,"3 - 9","4","889","147","SH"),
("6471","33144959",NULL,"H",NULL,"3 - 16","5","831","107","ACS"),
("6472","33144823",NULL,"H",NULL,"2 - 16","4","889","81","DI/DPGP/SAI"),
("6473","33144577",NULL,"H",NULL,"2 - 13","5","831","173","ACS"),
("6474","33144601",NULL,"H",NULL,"1 - 8","4","889","170","SH"),
("6475","33144999",NULL,"H",NULL,"2 - 10","6","831","131",NULL),
("6476","33144894",NULL,"H",NULL,"2 - 17","4","889","79","SH"),
("6477","33144610",NULL,"H",NULL,"2 - 5","6","883","63","DCL"),
("6478","33144862",NULL,"H",NULL,"1 - 21","4","888","15","SDC"),
("6479","33144604",NULL,"H",NULL,"1 - 14","5","883","67","DCL"),
("6480","33144566",NULL,"H",NULL,"2 - 6","5","883","65","DCL"),
("6481","33144613",NULL,"H",NULL,"3 - 13","5","922","32","DCL"),
("6482","33144067",NULL,"H",NULL,"3 - 20","5","888","13","SDC"),
("6483","33144049",NULL,"H",NULL,"1 - 12","5","922","111","DCL"),
("6484","33144853",NULL,"H",NULL,"2 - 20","5","888","11","SDC"),
("6485","33144854",NULL,"H",NULL,"2 - 21","5","888","09","SDC"),
("6486","33144936",NULL,"H",NULL,"1 - 17","4","922","93","DCL"),
("6487","33144985",NULL,"H",NULL,NULL,"6","883",NULL,"DCL"),
("6488","33144599",NULL,"H",NULL,"1 - 6","5","888","07","SDC"),
("6489","33144602",NULL,"H",NULL,"1 - 9","5","922","29","DCL"),
("6490","33144980",NULL,"H",NULL,"1 - 7","4","888","03","SDC"),
("6491","33144609",NULL,"H",NULL,"1 - 16","5","922","35","DCLS"),
("6492","33144935",NULL,"H",NULL,"2 - 22","5","888","23","SDC"),
("6493","33144606",NULL,"H",NULL,"1 - 13","6","883","39","DCL"),
("6494","33144934",NULL,"H",NULL,"2 - 4","5","888","21","SDC"),
("6495","33144865",NULL,"H",NULL,"3 - 17","5","922","31","DCL"),
("6496","33144966",NULL,"H",NULL,"1 - 4","5","883","26","DCL"),
("6497","33144521",NULL,"H",NULL,"1 - 15","6","883","37","DCL"),
("6498","33144707",NULL,"H",NULL,"1 - 11","5","883","41","DCL"),
("6499","33144004",NULL,"H",NULL,"2 - 15","4","831","175",NULL),
("6500","33144708",NULL,"H",NULL,"1 - 2","6","883","43","DCL"),
("6501","33144008",NULL,"H",NULL,"3 - 12","5","883","159","DCL"),
("6502","33144089",NULL,"H",NULL,"1 - 5","5","883","73","DCL"),
("6503","33144799",NULL,"B",NULL,"1 - 4","6","945","13","VicePRE"),
("6504","33144616",NULL,"H",NULL,"1 -23","5","834","56","DCL"),
("6505","33144614",NULL,"H",NULL,"1 - 20","4","834","58","DCL"),
("6506","33144967",NULL,"H",NULL,"2 - 2","6","880","55","DCL"),
("6507","33144022",NULL,"B",NULL,"2 - 19","5","871","21",NULL),
("6508","33144607",NULL,"H",NULL,"3 -14","3","834","71","DCL"),
("6509","33144608",NULL,"H",NULL,"1 - 22","5","834","49","DCL"),
("6510","21173489",NULL,"B",NULL,"2 - 21","5","871","20",NULL),
("6511","33144603",NULL,"H",NULL,"1 - 10","16","834","47","DCL"),
("6512","33144084",NULL,"B",NULL,"1 - 3","6","945","03","UGE"),
("6513","33144031",NULL,"B",NULL,"2 - 20","4","945","01","UGE"),
("6514","33144040",NULL,"B",NULL,"2 - 9","4","941","35","UGPN-UGSQ"),
("6515","33144554",NULL,"B",NULL,"2 - 23","5","941","23","UGPN-UGSQ"),
("6516","33144550",NULL,"B",NULL,NULL,"5","941",NULL,"UGPN-UGSQ"),
("6517","33144635",NULL,"B",NULL,"1 - 14","4","940","58","UGPN-UGSQ"),
("6518","33144593",NULL,"B",NULL,"2 - 5","5","940","129","UGPN-UGSQ"),
("6519","33144657",NULL,"B",NULL,"1 - 9","4","940","55","UGPN-UGSQ"),
("6520","33144691",NULL,"B",NULL,"1 - 2","4","940","51","UGPN-UGSQ"),
("6521","33144570",NULL,"B",NULL,"2 -24","5","942","46",NULL),
("6522","33144032",NULL,"B",NULL,"1 - 6","5","942","39","UGPN-UGSQ"),
("6523","33144592",NULL,"B",NULL,"1 - 12","5","832","48","UGPN-UGSQ"),
("6524","33144571",NULL,"B",NULL,"2 - 2","5","942","117","UGPN-UGSQ"),
("6525","33144573",NULL,"B",NULL,"2 - 8","5","942","50","UGPN-UGSQ"),
("6526","33144062",NULL,"B",NULL,"1 - 11","5","942","125","DCL"),
("6527","33144591",NULL,"B",NULL,"2 - 7","5","942","53","UGPN-UGSQ"),
("6528","33144892",NULL,"B",NULL,"2 - 15","4","942","115","UGPN-UGSQ"),
("6529","33144578",NULL,"B",NULL,"1 - 18","16","860","73",NULL),
("6530","33144580",NULL,"B",NULL,"1 - 20","4","860","71",NULL),
("6531","33144971",NULL,"B",NULL,"2 - 13","2","860","75",NULL),
("6532","33144843",NULL,"B",NULL,"2 - 11","2","860","79",NULL),
("6533","33144845",NULL,"B",NULL,"1 - 15","2","860","94",NULL),
("6534","33144842",NULL,"B",NULL,"2 - 10","2","860","88",NULL),
("6535","33144844",NULL,"B",NULL,"2 - 12","2","860","93",NULL),
("6536","33144582",NULL,"B",NULL,"1 -23","2","860","85",NULL),
("6537","33144583",NULL,"B",NULL,"1 - 23","5","860","89",NULL),
("6538","33144972",NULL,"B",NULL,"1 - 17","2","860","109",NULL),
("6539","33144973",NULL,"B",NULL,"1 - 16","6","860","81",NULL),
("6540","33144585",NULL,"B",NULL,NULL,"6","859",NULL,"Presidencia"),
("6541","33144904",NULL,"B",NULL,"1 - 5","6","859","103","Presidencia"),
("6542","33144588",NULL,"B",NULL,"2 - 1","16","859","107","Presidencia"),
("6543","33144587","29","B","27","2 - 3","6","855","112","Presidencia"),
("6544","33144584",NULL,"B",NULL,"2 - 4","6","855","104","Presidencia"),
("6545","33144581",NULL,"B",NULL,"1 - 21 ","6","859","97","Presidencia"),
("6546","33144638",NULL,"U",NULL,"1 - 18","4","937","27",NULL),
("6547","33144638",NULL,"U",NULL,"1 - 2","4","937","21",NULL),
("6548","33144901",NULL,"U",NULL,"1 - 15","5","937","1","Cdb"),
("6550","33144649",NULL,"U",NULL,NULL,"5","937",NULL,"SVR"),
("6551","33144645",NULL,"U",NULL,"1 - 9","5","937","13","SVR"),
("6552","33144642",NULL,"U",NULL,"1 - 6","4","937","9","SVR"),
("6553","33144641",NULL,"U",NULL,"1 - 5","4","937","94","SVR"),
("6554","33144637",NULL,"U",NULL,"1 - 1","5","937","1",NULL),
("6555","33144617",NULL,"U",NULL,"1 - 16","5","937","89","SVR"),
("6556","33144647",NULL,"U",NULL,"1 - 11","6","937","73","SVR"),
("6557","33144643",NULL,"U",NULL,"1 - 7","4","937","69","SVR"),
("6558","33144640",NULL,"U",NULL,"1 - 4","4","937","67","SVR"),
("6559","33144506",NULL,"U",NULL,"1 - 10","5","937","66","SVR"),
("6560","33144639",NULL,"U",NULL,"1 - 3","1","937","55","SVR"),
("6561","33144893",NULL,"H",NULL,"2 - 16","4","889","81","SH"),
("6562","33144988",NULL,"H",NULL,NULL,"4","888",NULL,NULL),
("6563","33144033",NULL,"B",NULL,"1 - 8","4","940","69","UGE"),
("6564","33144042",NULL,"B",NULL,"2 - 17","5","852","68",NULL),
("6565","33144068",NULL,"A",NULL,"3 - 9","5","852","117","ADPGF"),
("6566","33144826",NULL,"A",NULL,"2 - 6","1","852","103","admateriais"),
("6567","33144080",NULL,"H",NULL,"1 - 19","5","831","129",NULL),
("6568","33144697",NULL,"G",NULL,"1 - 15","4","868","117",NULL),
("6569","33144879",NULL,"G",NULL,"1 - 2","5","877","111",NULL),
("6570","33144689",NULL,"G",NULL,"1 - 1","6","877","3",NULL),
("6571","33144683",NULL,"G",NULL,"1 -9","4","910","57",NULL),
("6572","33144686",NULL,"G",NULL,"1 - 10","6","877","53",NULL),
("6573","33144682",NULL,"G",NULL,"1 - 11","4","877","92","Micmit"),
("6574","33144027",NULL,"G",NULL,"1 - 14","3","910","120",NULL),
("6575","33144514",NULL,"G",NULL,"1 - 20","4","900","31",NULL),
("6576","33144881",NULL,"G",NULL,"1 - 8","4","900","18",NULL),
("6577","33144698",NULL,"G",NULL,"1 - 5","14","900","16",NULL),
("6578","33144681",NULL,"G",NULL,"1 - 7","4","900","71",NULL),
("6579","33144883",NULL,"G",NULL,"1 - 12","4","910","70",NULL),
("6580","33144696",NULL,"G",NULL,"1 - 6","4","900","79",NULL),
("6581","33144880",NULL,"G",NULL,"1 - 4","5","910","67",NULL),
("6582","33144699",NULL,"G",NULL,"1 - 3","4","910","103",NULL),
("6583","33144703",NULL,"H",NULL,"3 - 1","6","880","46","DCL"),
("6584","33144669",NULL,"H",NULL,"3 - 18","5","947","125",NULL),
("6585","33144073",NULL,"B",NULL,"2 - 18","6","945","09","VicePRE"),
("6586","33144618",NULL,"H",NULL,"2 - 1","5","843","100","DGP"),
("6587","33144651",NULL,"F",NULL,"1 - 2","4","907","95","SICHC"),
("6588","33144652",NULL,"F",NULL,"1-3","4","907","99","SICHC"),
("6589","33144650",NULL,"F",NULL,"1-1","4","861","155","SICHC"),
("6590","33144069",NULL,"F",NULL,"2 - 17","4","846","41",NULL),
("6591","33144655",NULL,"F",NULL,"1 - 5","5","846","1","Diom"),
("6592","33144654",NULL,"F",NULL,"1 - 6","5","846","3","Diom"),
("6593","33144653",NULL,"F",NULL,"1 - 4","15","846","5","Diom"),
("6594","33144656",NULL,"F",NULL,"1 - 8","2","846","109",NULL),
("6595","33144668",NULL,"F",NULL,"1-19","5","846","7","Diom"),
("6596","33144666",NULL,"F",NULL,"1 - 17","1","887","35","SDBF"),
("6597","33144080",NULL,"F",NULL,"2 - 1","5","887","13",NULL),
("6598","33144667",NULL,"F",NULL,"1-18","5","887","39","SDBF"),
("6599","33144659",NULL,"F",NULL,"1 - 10","1","887","21","SDBF"),
("6600","33144658",NULL,"F",NULL," 1 - 9","1","887","17","SDBF"),
("6601","33144676",NULL,"F",NULL,"2-4","6","902","59","SGAB"),
("6602","33144856",NULL,"F",NULL,"2-3","6","902","58","SGAB"),
("6603","33144024",NULL,"F",NULL,"2-5","5","902","63","SGAB"),
("6604","33144671",NULL,"F",NULL,"1-22","5","902","79","SGAB"),
("6605","33144530",NULL,"F",NULL,"2-24","1","902","160",NULL),
("6606","33144661",NULL,"F",NULL,"1-12","1","890","27",NULL),
("6607","33144663",NULL,"F",NULL,"1-14","5","890","31",NULL),
("6608","33144045",NULL,"U",NULL,"1 - 8","1","937","25",NULL),
("6609","33144673",NULL,"U",NULL,"1 - 13","4","937","20","SVR"),
("6610","33144611",NULL,"U",NULL,"1 - 14","4","937","45","SVR"),
("6611","33144590",NULL,"B",NULL,"2 - 6","5","945","DESVIO P/4585","VicePre"),
("6612","33144775",NULL,"P 1A",NULL,NULL,"1","895",NULL,NULL),
("6613","33144858",NULL,"P 1A",NULL,NULL,"5","895","85",NULL),
("6614","33144773",NULL,"P 1A",NULL,NULL,"3","895","77",NULL),
("6615","33144770",NULL,"P 1A",NULL,NULL,"3","895","83","DPD"),
("6616","33144774",NULL,"P 1A",NULL,NULL,"5","895","79",NULL),
("6617","33144540",NULL,"P 1A",NULL,NULL,"2","906",NULL,"SIA"),
("6618","33144780",NULL,"P 1A",NULL,NULL,"5","906",NULL,"SIA"),
("6619","33144781",NULL,"P 1A",NULL,NULL,"5","906",NULL,"SIA"),
("6620","33144776",NULL,"P 1A",NULL,NULL,"4","933",NULL,NULL),
("6621","33144772",NULL,"P 1A",NULL,NULL,"4","933",NULL,NULL),
("6622","33144787",NULL,"P 1A",NULL,NULL,"6","850","57","DPD"),
("6623","33144771",NULL,"P 1A",NULL,NULL,"4","850","61","DPD"),
("6624","33144766",NULL,"P 1A",NULL,NULL,"16","850","54","DPD"),
("6625","33144765",NULL,"P 1A",NULL,NULL,"6","850","51","DPD"),
("6626","33144949",NULL,"P 1A",NULL,NULL,"5","850","47","DPD"),
("6627","33144915",NULL,"P 1A",NULL,NULL,"4","856","29","QDPD"),
("6628","33144023",NULL,"P 1A",NULL,NULL,"4","856","32",NULL),
("6629","33144501",NULL,"P 1A",NULL,NULL,"2","856","26",NULL),
("6630","33144044",NULL,"P 1A",NULL,NULL,"5","856","25","NIT"),
("6631","33144976",NULL,"P 1A",NULL,NULL,"5","879","11","NIT"),
("6632","33144889",NULL,"P 1A",NULL,NULL,"6","840",NULL,"NIT"),
("6633","33144987",NULL,"P 1A",NULL,NULL,"5","840","13","DPD"),
("6634","33144979",NULL,"P 1A",NULL,NULL,"2","840",NULL,NULL),
("6635","33144060",NULL,"F",NULL,"1 - 13","1","846","130","SSI"),
("6636","33144096",NULL,"F",NULL,"1 - 7","1","846","36","SSI"),
("6637","33144769",NULL,"F",NULL,"1 - 21","1","846","115",NULL),
("6638","33144636",NULL,"F",NULL,"2 - 6","4","845","125","ADPGF"),
("6639","33144831",NULL,"F",NULL,"2 - 10","6","931","133","SSI"),
("6640","33144041",NULL,"Q",NULL,"1 - 14","5","848","115","ADPGF"),
("6641","33144963",NULL,"F",NULL,"2 - 16","4","852","140","ADPGF"),
("6642","33144510",NULL,"F",NULL,"2 - 19","2","866","112",NULL),
("6643","33144680",NULL,"N",NULL,"2 - 14","5","901","1177",NULL),
("6644","33143487",NULL,"N",NULL,"2 - 32","5","901","1187",NULL),
("6645","33144694",NULL,"N",NULL,"2 - 10","4","901","1191",NULL),
("6646","33144695",NULL,"N",NULL,"1 - 11","4","901","1197",NULL),
("6647","33144687",NULL,"N",NULL,"2 - 11","4","927","1210",NULL),
("6648","33144701",NULL,"N",NULL,"2 - 8","4","861","1218",NULL),
("6650","33144700",NULL,"N",NULL,"1 - 7","5","861","1215",NULL),
("6651","33144688",NULL,"N",NULL,"1 - 23","5","847","57",NULL),
("6652","33144679",NULL,"N",NULL,"2 - 22","4","847","51",NULL),
("6653","33144903",NULL,"N",NULL,"2 - 16","4","847","63",NULL),
("6654","33144702",NULL,"N",NULL,"2 - 1","2","847","61",NULL),
("6655","33144678",NULL,"N",NULL,"2 - 21","5","847","59",NULL),
("6656","33144594",NULL,"N",NULL,"2 - 28","1","847","53","SP"),
("6657","33144097",NULL,"N",NULL,"2 - 12","1","927","1225",NULL),
("6658","33144693",NULL,"N",NULL,"1 - 6","3","870","1141",NULL),
("6659","33144005",NULL,"N",NULL,"2 - 4","1","934","15",NULL),
("6660","33144047",NULL,"N",NULL,"2 - 30","5","934","41","STRPM"),
("6661","33144048",NULL,"N",NULL,"2 - 3","2","934","17","STRPM"),
("6662","33144878",NULL,"A",NULL,"1 - 17","6","852","101",NULL),
("6663","33144902",NULL,"N",NULL,"2 - 19","1","920","01",NULL),
("6664","33144006",NULL,"N",NULL,"2 - 17","5","841","39",NULL),
("6665","33144796",NULL,"M",NULL,"1 - 37","4","930","77",NULL),
("6666","33144795",NULL,"M",NULL,"1 - 16","1","930","55",NULL),
("6667","33144091",NULL,"M",NULL,"1 - 1","4","899","79",NULL),
("6668","33144793",NULL,"M",NULL,"1 - 8","4","899","85",NULL),
("6669","33144794",NULL,"M",NULL,"1 - 17","4","899","93",NULL),
("6670","33144791",NULL,"M",NULL,"1 - 2","4","899","109",NULL),
("6671","33144092","401","M","235","1 - 30","4","899","125",NULL),
("6672","33144888",NULL,"M",NULL,"1 - 18","4","899","97","-"),
("6673","33144887",NULL,"M",NULL,"1 - 19","4","930","47",NULL),
("6674","33144090",NULL,"M",NULL,"1 - 24","3","894","45",NULL),
("6675","33144950",NULL,"M",NULL,"1 - 6","5","894","133",NULL),
("6676","33144792",NULL,"M",NULL,"1 - 26","4","894","141",NULL),
("6677","33144764",NULL,"M",NULL,"1 - 29","4","915","5",NULL),
("6678","33144857",NULL,"M",NULL,"1 - 33","5","915","31",NULL),
("6679","33144086",NULL,"M",NULL,"1 - 50","4         ","894","19",NULL),
("6680","33144821",NULL,"T",NULL,NULL,"4","903","50","UGA"),
("6681","33144544",NULL,"T",NULL,NULL,"1","903","41","UGA"),
("6682","33144981",NULL,"T",NULL,NULL,"5","914","57","DPD"),
("6683","33144924",NULL,"T",NULL,NULL,"4","903","47","UGA"),
("6684","33144622",NULL,"T",NULL,NULL,"5","914","159","SP"),
("6685","33144621",NULL,"T",NULL,NULL,"3","914","21","SP"),
("6686","33144623",NULL,"T",NULL,NULL,"5","914","23","SP"),
("6687","33144628",NULL,"T",NULL,NULL,"4","914","13","SP"),
("6688","33144789",NULL,"T",NULL,NULL,"7","914","27",NULL),
("6689","33144624",NULL,"T",NULL,NULL,"4","914","17","SP"),
("6690","33144629",NULL,"T",NULL,NULL,"5","914","9","SP"),
("6691","33144628",NULL,"T",NULL,NULL,"4","914","15","SP"),
("6692","33144631",NULL,"T",NULL,NULL,"4","914","11","SP"),
("6693","33144936",NULL,"T",NULL,NULL,"4","914","7","DCL"),
("6694","33144627",NULL,"T",NULL,NULL,"5","914","3","SP"),
("6695","33144597",NULL,"T",NULL,NULL,"5","914","5","SP"),
("6696","33144630",NULL,"T",NULL,NULL,"5","914","2","SP"),
("6697","33144598",NULL,"T",NULL,NULL,"5","914","30","SP"),
("6698","33144625",NULL,"T",NULL,NULL,"4","914","32","SP"),
("6699","33144595",NULL,"T",NULL,NULL,"5","914","33","SP"),
("6700","33144931",NULL,"T",NULL,NULL,"4","914","35","SP"),
("6701","33144929",NULL,"T",NULL,NULL,"5","914","37","SP"),
("6702","33144085",NULL,"T",NULL,NULL,"1","914","143",NULL),
("6703","33144644",NULL,"T",NULL,NULL,"5","864","69","DI/DPGP/SAI"),
("6704","33144914",NULL,"T",NULL,NULL,"5","864","73","DI/DPGP/SAI"),
("6705","33144855",NULL,"T",NULL,NULL,"4","864","75","DI/DPGP/SAI"),
("6706","33144823",NULL,"T",NULL,NULL,"4","864","67","DI/DPGP/SAI"),
("6707","33144956",NULL,"T",NULL,NULL,"4","916","65","DI/DPGP/SAI"),
("6708","33144081",NULL,"T",NULL,NULL,"1","864","173","DI/DPGP/SAI"),
("6709","33144921",NULL,"T",NULL,NULL,"4","864","61","DI/DPGP/SAI"),
("6710","33144920",NULL,"T",NULL,NULL,"4","912","95","DPGF/DE"),
("6711","33144818",NULL,"T",NULL,NULL,"4","912","111","DPGF/DE"),
("6712","33144918",NULL,"T",NULL,NULL,"4","921","117","DPGF/DE"),
("6713","33144852",NULL,"T",NULL,NULL,"4","921","121","DPGF/DE"),
("6714","33144991",NULL,"T",NULL,NULL,"4","838","125","DPGF/DE"),
("6715","33144806",NULL,"T",NULL,NULL,"5","935","163","SMC"),
("6716","33144808",NULL,"V",NULL,NULL,"5","935","1049","SMC"),
("6717","33144916",NULL,"T",NULL,NULL,"4","921","103","DPGF/DE"),
("6718","33144919",NULL,"T",NULL,NULL,"4","921","104","DPGF/DE"),
("6719","33144814",NULL,"T",NULL,NULL,"5","893","135","SDT"),
("6720","33144813",NULL,"T",NULL,NULL,"4","893",NULL,"SDT"),
("6721","33144891",NULL,"T",NULL,NULL,"5","893","131","SDT"),
("6722","33144836",NULL,"T",NULL,NULL,"4","893","139",NULL),
("6723","33144059",NULL,"T",NULL,NULL,"5","893","77","SDT"),
("6724","33144063",NULL,"T",NULL,NULL,"4","893","137","DPGF/DE"),
("6725","33144835",NULL,"W",NULL,NULL,"3","932","13",NULL),
("6726","33144017",NULL,"W",NULL,NULL,"3","932","27",NULL),
("6727","33144832",NULL,"W",NULL,NULL,"4","932","7",NULL),
("6728","33144000",NULL,"W",NULL,NULL,"1","932","4",NULL),
("6729","33144870",NULL,"W",NULL,NULL,"4","932","6",NULL),
("6730","33144834",NULL,"W",NULL,NULL,"4","932","11",NULL),
("6731","33144053",NULL,"W",NULL,NULL,"4","932","81",NULL),
("6732","3314866",NULL,"W",NULL,NULL,"4","932","17",NULL),
("6733","33144860",NULL,"W",NULL,NULL,"5","932","86",NULL),
("6734","33144675",NULL,"W",NULL,NULL,"5","932","26",NULL),
("6735","33144922",NULL,"W",NULL,NULL,"4","932","21",NULL),
("6736","33144982",NULL,"W",NULL,NULL,"4","866","59","SAO"),
("6737","33144803",NULL,"W",NULL,NULL,"4","866","52","SAO"),
("6738","33144038",NULL,"W",NULL,NULL,"4","866","51","SAO"),
("6739","33144801",NULL,"W",NULL,NULL,"4","866","61","SAO"),
("6740","33144802",NULL,"W",NULL,NULL,"4","866","67","SAO"),
("6741","33144797",NULL,"W",NULL,NULL,"5","907",NULL,"SGD"),
("6742","33144871",NULL,"W",NULL,NULL,"4","907","71","SGD"),
("6743","33144569",NULL,"W",NULL,NULL,"5","833","94","NUCAD"),
("6744","33144873",NULL,"W",NULL,NULL,"5","858","33","NUCAD"),
("6746","33144568",NULL,"W",NULL,NULL,"5","858","32","NUCAD"),
("6747","33143485",NULL,"W",NULL,NULL,"5","833","63","NUCAD"),
("6748","3314567",NULL,"W",NULL,NULL,"16","833","65","NUCAD"),
("6749","33144572",NULL,"W",NULL,NULL,"5","939","39","NUCAD"),
("6750","33144923",NULL,"T",NULL,NULL,"5","947",NULL,NULL),
("6751","33144729",NULL,"O",NULL,NULL,"2","836","54",NULL),
("6752","33144728",NULL,"O",NULL,NULL,"5","836","55",NULL),
("6753","33144734",NULL,"O",NULL,NULL,"5","881","51",NULL),
("6754","33144737",NULL,"O",NULL,NULL,"4","876","59",NULL),
("6755","33144730",NULL,"O",NULL,NULL,"4","881","3",NULL),
("6756","33144733",NULL,"O",NULL,NULL,"1","881",NULL,NULL),
("6757","33144014",NULL,"O",NULL,NULL,"1","882","39","SCBio"),
("6758","33144731",NULL,"O",NULL,NULL,"4","882","33","SCBio"),
("6759","33144015",NULL,"O",NULL,NULL,"3","876","79",NULL),
("6760","33144727",NULL,"O",NULL,NULL,"5","876","89",NULL),
("6761","33144020",NULL,"O",NULL,NULL,"5","876","85",NULL),
("6762","33144095",NULL,"O",NULL,NULL,"5","876","42",NULL),
("6763","33144018",NULL,"O",NULL,NULL,"1","881","71",NULL),
("6764","33144735",NULL,"O",NULL,NULL,"5","881","61","SCFQ"),
("6765","33144684",NULL,"N",NULL,"1 - 3","4","846","1173",NULL),
("6766","33144685",NULL,"N",NULL,"2 - 29","5","846","67",NULL),
("6767","33144557",NULL,"N",NULL,"2 - 31","3","846","1158",NULL),
("6768","33144760",NULL,"Z",NULL,"1 - 7","5","867","39",NULL),
("6769","33144759",NULL,"Z",NULL,"1 - 1","5","867","7",NULL),
("6770","33144954",NULL,"Z",NULL,"1 - 9","5","867","6",NULL),
("6771","33144762",NULL,"Z",NULL,"1 - 5","4","867","33",NULL),
("6772","33144072",NULL,"Z",NULL,"1 - 6","4","867","23",NULL),
("6773","33144763",NULL,"Z",NULL,"1 - 10","4","867","35",NULL),
("6774","33144010",NULL,"Z",NULL,"1 - 4","3","867","37",NULL),
("6775","33144906",NULL,"V",NULL,NULL,"1","911","107",NULL),
("6776","33144562",NULL,"V",NULL,NULL,"4","928","1027","SMC"),
("6777","33144556",NULL,"V",NULL,NULL,"4","928","1033","SMC"),
("6778","33144940",NULL,"V",NULL,NULL,"4","928","1031","SMC"),
("6779","33144990",NULL,"V",NULL,NULL,"4","928","1015","SMC"),
("6780","33144747",NULL,"V",NULL,NULL,"5","928","1021","SMC"),
("6781","33144533",NULL,"V",NULL,NULL,"4","928","1017","SMC"),
("6782","33144553",NULL,"V",NULL,NULL,"4","928","1011","SMC"),
("6783","33144806",NULL,"V",NULL,NULL,"5","935","1057","SMC"),
("6784","33144805",NULL,"V",NULL,NULL,"5","935","1063","SMC"),
("6785","33144957",NULL,"V",NULL,NULL,"5","935","1051","SMC"),
("6786","33144808",NULL,"V",NULL,NULL,"5","935","1049","SMC"),
("6787","33143483",NULL,"V",NULL,NULL,"5","935","1045","SMC"),
("6788","33144790",NULL,"V",NULL,NULL,"5","935","1043","SMC"),
("6789","33144811",NULL,"V",NULL,NULL,"5","911","135","SMC"),
("6790","33144036",NULL,"V",NULL,NULL,"4","911","45","SMC"),
("6791","33144851",NULL,"V",NULL,NULL,"5","911","51","SMC"),
("6792","33144586",NULL,"V",NULL,NULL,"4","911","56","SMC"),
("6793","33144809",NULL,"V",NULL,NULL,"5","911","63","SMC"),
("6794","33144742",NULL,"V",NULL,NULL,"4","911","69","SMC"),
("6795","33144961",NULL,"V",NULL,NULL,"5","911","59","SMC"),
("6796","33143486",NULL,"V",NULL,NULL,"3","911","57","SMC"),
("6797","33144958",NULL,"V",NULL,NULL,"6","911","60","SMC"),
("6798","33144002",NULL,"V",NULL,NULL,"3","911",NULL,"SMC"),
("6799","33144811",NULL,"V",NULL,NULL,"5","911",NULL,"SMC"),
("6800","33144819",NULL,"V",NULL,NULL,"5","838","77","DPGF/DE"),
("6801","33144996",NULL,"Z",NULL,"1 - 2","6","867","31",NULL),
("6802","33144838",NULL,"R",NULL,NULL,"1","865","29","admateriais"),
("6803","33144725",NULL,"R",NULL,NULL,"4","864","7","SAI/MatPrima"),
("6804","33144824",NULL,"R",NULL,NULL,"4","864","11","SAI/MatPrima"),
("6805","33144075",NULL,"R",NULL,NULL,"4","864","15","SAI/MatPrima"),
("6806","33144815",NULL,"R",NULL,NULL,"6","853","91","SPCP"),
("6807","33144055",NULL,"R",NULL,NULL,"6","853","89","SPCP"),
("6808","33144050",NULL,"R",NULL,NULL,"6","916","85","SPCP"),
("6809","33144816",NULL,"R",NULL,NULL,"6","916","81","SPCP"),
("6810","33144817",NULL,"R",NULL,NULL,"6","853","69","SPCP"),
("6811","33144074",NULL,"R",NULL,NULL,"6","916","71","SPCP"),
("6812","33144079",NULL,"R",NULL,NULL,"6","864","73","SPCP"),
("6813","33144827",NULL,"R",NULL,NULL,"5","905","65","SGPT"),
("6814","33144826",NULL,"R",NULL,NULL,"1","905","63","admateriais"),
("6815","33144077",NULL,"R",NULL,NULL,"5","905","67","SGPT"),
("6816","33144744",NULL,"R",NULL,NULL,"5","905","57","SGPT"),
("6817","33144078",NULL,"R",NULL,NULL,"1","865","52","admateriais"),
("6818","33144839",NULL,"R",NULL,NULL,"5","865","43","admateriais"),
("6819","33144830",NULL,"R",NULL,NULL,"4","865","33","admateriais"),
("6820","33144825",NULL,"R",NULL,NULL,"5","865","38","admateriais"),
("6821","3314965",NULL,"O",NULL,NULL,"4","881","31","SCFQ"),
("6823","33144082",NULL,"K",NULL,"1 - 5",NULL,"864","33",NULL),
("6824","33144088",NULL,"K",NULL,"1 - 10",NULL,"864","23",NULL),
("6825","33144723",NULL,"K",NULL,"1 - 1",NULL,"864","25",NULL),
("6826","33144822",NULL,"K",NULL,"1 - 2",NULL,"864","29",NULL),
("6827","33144724",NULL,"K",NULL," 1 - 3",NULL,"864","9",NULL),
("6828","33144083",NULL,"K",NULL,"1 - 4",NULL,"864","13",NULL),
("6829","33144503",NULL,"K",NULL,NULL,NULL,"864","39",NULL),
("6830","33144756",NULL,"L",NULL,NULL,NULL,"872","57",NULL),
("6831","33144755",NULL,"L",NULL,NULL,NULL,"872","53",NULL),
("6832","33144754",NULL,"L",NULL,NULL,NULL,"849","121",NULL),
("6834","33144523",NULL,"A",NULL,NULL,"5","857","123","SCONTR"),
("6835","33144532",NULL,"L",NULL,NULL,NULL,"897","47",NULL),
("6836","33144753",NULL,"L",NULL,NULL,NULL,"849","42",NULL),
("6837","33144868",NULL,"L",NULL,NULL,NULL,"927","109",NULL),
("6838","33144983",NULL,"L",NULL,NULL,NULL,"927","107",NULL),
("6839","33144682",NULL,"L",NULL,NULL,NULL,"927","87",NULL),
("6840","33144757",NULL,"L",NULL,NULL,NULL,"872",NULL,NULL),
("6841","33144758",NULL,"L",NULL,NULL,NULL,"872",NULL,NULL),
("6842","33144053",NULL,"L",NULL,NULL,NULL,"872",NULL,NULL),
("6843","33144732",NULL,"L",NULL,NULL,NULL,"878","3",NULL),
("6844","33144615",NULL,"L",NULL,NULL,NULL,"878","1",NULL),
("6845","33144547",NULL,"L",NULL,NULL,NULL,"878","5",NULL),
("6846","33144841",NULL,"L",NULL,NULL,NULL,"878",NULL,NULL),
("6847","33144989",NULL,"L",NULL,NULL,NULL,"878","9",NULL),
("6848","33144058",NULL,"L",NULL,NULL,NULL,"878",NULL,NULL),
("6849","33144057",NULL,"L",NULL,NULL,NULL,"878",NULL,NULL),
("6850","33144944",NULL,"L",NULL,NULL,NULL,"845","63",NULL),
("6851","33144070",NULL,"Q",NULL,NULL,NULL,"936",NULL,NULL),
("6852","33144984",NULL,"Q",NULL,NULL,NULL,"936","131",NULL),
("6853","33144712",NULL,"Q",NULL,NULL,NULL,"936","133",NULL),
("6854","33144748",NULL,"Q",NULL,NULL,NULL,"936",NULL,NULL),
("6855","33144955",NULL,"Q",NULL,NULL,NULL,"936",NULL,NULL),
("6856","33144716",NULL,"Q",NULL,NULL,NULL,"929","17",NULL),
("6857","33144898",NULL,"Q",NULL,NULL,NULL,"929","30",NULL),
("6858","33144899",NULL,"Q",NULL,NULL,NULL,"929","3",NULL),
("6859","33144833",NULL,"Q",NULL,NULL,NULL,"929","40",NULL),
("6860","33144717",NULL,"Q",NULL,NULL,NULL,"837","43",NULL),
("6861","33144911",NULL,"Q",NULL,NULL,NULL,"898",NULL,NULL),
("6862","33144977",NULL,"Q",NULL,NULL,NULL,"898","101",NULL),
("6863","33144910",NULL,"Q",NULL,NULL,NULL,"898","105",NULL),
("6864","33140800",NULL,"Q",NULL,NULL,NULL,"898",NULL,NULL),
("6865","33144574",NULL,"Q",NULL,NULL,NULL,"845","121",NULL),
("6866","33144016",NULL,"Q",NULL,NULL,NULL,"845","120",NULL),
("6867","33144937",NULL,"Q",NULL,NULL,NULL,"845","124",NULL),
("6868","33144706",NULL,"Q",NULL,NULL,NULL,"845","151",NULL),
("6869","33144895",NULL,"Q",NULL,NULL,NULL,"845","157",NULL),
("6870","33144039",NULL,"Q",NULL,NULL,NULL,"845","52",NULL),
("6871","33144705",NULL,"Q",NULL,NULL,NULL,"845","142",NULL),
("6872","33144704",NULL,"Q",NULL,NULL,NULL,"845","59",NULL),
("6873","33143488",NULL,"Q",NULL,NULL,NULL,"904","81",NULL),
("6874","33144056",NULL,"Q",NULL,NULL,NULL,"904",NULL,NULL),
("6875","33144028",NULL,"Q",NULL,NULL,NULL,"904","15",NULL),
("6876","33144664",NULL,"Q",NULL,NULL,NULL,"869","32",NULL),
("6877","33144711",NULL,"Q",NULL,NULL,NULL,"869","35",NULL),
("6878","33144710",NULL,"Q",NULL,NULL,NULL,"869","85",NULL),
("6879","33144948",NULL,"Q",NULL,NULL,NULL,"869","95",NULL),
("6880","33144867",NULL,"Q",NULL,NULL,NULL,"904","97",NULL),
("6881","33144897",NULL,"Q",NULL,NULL,NULL,"904","96",NULL),
("6882","33144714",NULL,"Q",NULL,NULL,NULL,"837",NULL,NULL),
("6883","33144713",NULL,"Q",NULL,NULL,NULL,"837",NULL,NULL),
("6884","33144964",NULL,"Q",NULL,NULL,NULL,"837","24",NULL),
("6885","33144927",NULL,"Q",NULL,NULL,NULL,"837",NULL,NULL),
("6886","33144932",NULL,"Q",NULL,NULL,NULL,"918",NULL,NULL),
("6887","33144715",NULL,"Q",NULL,NULL,NULL,"892","21",NULL),
("6888","33144560",NULL,"Q",NULL,NULL,NULL,"886",NULL,NULL),
("6889","33144099",NULL,"Q",NULL,NULL,NULL,"886","7",NULL),
("6890","33144753",NULL,"L",NULL,NULL,NULL,"849","42",NULL),
("6891","33144986",NULL,"M",NULL,"1 - 7","5","947","17",NULL),
("6892","33144908",NULL,"M",NULL,"1 - 14","5","947","149",NULL),
("6893","33144087",NULL,"M",NULL,"1 - 20","4","947","103",NULL),
("6894","33144962",NULL,"M",NULL,"1 - 22","4","947","27",NULL),
("6895","331400000",NULL,NULL,NULL,NULL,NULL,"831",NULL,NULL),
("6896","331400000",NULL,"B",NULL,NULL,NULL,"947",NULL,NULL);

CREATE TABLE IF NOT EXISTS `setores` (
`cod_setor` int(10) NOT NULL AUTO_INCREMENT,
`sigla` varchar(50) DEFAULT NULL ,
`setor` varchar(120) DEFAULT NULL ,
`diretoria` varchar(100) DEFAULT NULL ,
`gerencia` varchar(100) DEFAULT NULL ,
PRIMARY KEY (`cod_setor`)
) ENGINE=InnoDB AUTO_INCREMENT=951 DEFAULT CHARSET=utf8mb4 COLLATE=utf8_bin; 

INSERT INTO `setores` VALUES 
("831","PRE/ACS","Assessoria de Comunicao Social","PRE/",NULL),
("832","PRE/AGEII","Assessoria de Gesto e Integrao Institucional ","PRE/",NULL),
("833","PRE/CSEC","Controladoria Seccional","PRE/",NULL),
("834","DPGF/DCGC","Diviso de Compras e Gesto de Contratos ","DPGF/",NULL),
("835","DPD/DCI","Diviso de Cincia e Inovao","DPD/",NULL),
("836","DI/DCQ","Diviso de Controle da Qualidade","DI/",NULL),
("837","DI/DDM","Diviso de Desenvolvimento de Medicamentos","DI/",NULL),
("838","DPGF/DE","Diviso de Engenharia e Infraestrutura","DPGF/",NULL),
("839","DIOM/DECD","Diviso de Epidemiologia e Controle de Doenas ","DIOM/",NULL),
("840","DPD/DEDC","Diviso de Extenso e Divulgao Cientfica ","DPD/",NULL),
("841","DIOM/DFBPM","Diviso de Fabricao de Bioprodutos e Preparo de Materiais ","DIOM/",NULL),
("842","DPGF/DGFO","Diviso de Gesto Financeira e Oramentria ","DPGF/",NULL),
("843","DPGF/DGP","Diviso de Gesto de Pessoas","DPGF/",NULL),
("844","DI/DGQ","Diviso de Garantia da Qualidade","DI/",NULL),
("845","DI","Diretoria Industrial",NULL,NULL),
("846","DIOM","Diretoria do Instituto Otvio Magalhes",NULL,NULL),
("847","DIOM/DIVISA","Diviso de Vigilncia Sanitria ","DIOM/",NULL),
("848","DPGF/DLAG","Diviso de Logstica e Administrao Geral ","DPGF/",NULL),
("849","DI/DPA","Diviso de Produo Animal","DI/",NULL),
("850","DPD","Diretoria de Pesquisa e Desenvolvimento",NULL,NULL),
("851","DI/DPF","Diviso de Produo Farmacutica","DI/",NULL),
("852","DPGF","Diretoria de Planejamento Gesto e Finanas ",NULL,NULL),
("853","DI/DPGP","Diviso de Planejamento e Gesto da Produo ","DI/",NULL),
("854","DPGF/DTI","Diviso de Tecnologia da Informao","DPGF/",NULL),
("855","PRE/GAB","Gabinete","PRE/",NULL),
("856","DPD/NIPAC","Unidade do Ncleo de Inovao e Proteo ao Conhecimento ","DPD/",NULL),
("857","DPGF/DCGC/SCONTR","Servio de Contratos ","DPGF/","DCGC/"),
("858","PRE/CSEC/NUCAD","Ncleo de Correio Administrativa ","PRE/","CSEC/"),
("859","PRE","Presidncia ",NULL,NULL),
("860","PRE/PRO","Procuradoria","PRE/",NULL),
("861","DIOM/QDIOM","Qualidade do IOM ","DIOM/",NULL),
("862","DPGF/DTI/SADS","Servio de Administrao e Desenvolvimento de Software ","DPGF/","DTI/"),
("863","DPGF/DGFO/SAF","Servio de Administrao Financeira","DPGF/","DGFO/"),
("864","DI/DPGP/SAI","Servio de Almoxarifado Industrial","DI/","DPGP/"),
("865","DPGF/DLAG/SAM","Servio de Administrao de Materiais","DPGF/","DLAG/"),
("866","DPGF/DLAG/SAO","Servio de Apoio Operacional","DPGF/","DLAG/"),
("867","DI/DPA/SAP","Servio de Animais Peonhentos","DI/","DPA/"),
("868","DIOM/DIVISA/SAPS","Servio de Anlises em Produtos de Sade","DIOM/","DIVISA/"),
("869","DI/DGQ/SAQ","Servio de Avaliao da Qualidade","DI/","DGQ/"),
("870","DIOM/DIVISA/SAROT","Servio de Analise de Rotulagem ","DIOM/","DIVISA/"),
("871","DPGF/DTI/SARTS","Servio de Administrao de Redes Telefonia e Suporte ","DPGF/","DTI/"),
("872","DI/DPA/SB","Servio de Biotrio ","DI/","DPA/"),
("873","DI/DCI/SBC","Servio de Biologia Celular","DI/","DCI/"),
("874","DPD/DCI/SBVA","Servio de Bioqumica Protenas Venenos Animais ","DPD/","DCI/"),
("875","DPGF/DGFO/SC","Servio de Custos ","DPGF/","DGFO/"),
("876","DI/DCQ/SCAD","Servio de Controle de Amostras e Documentao ","DI/","DCQ/"),
("877","DIOM/DVISASCB","Servio de Cincias Bioqumicas ","DIOM/","DVISA"),
("878","DI/DCQ/SCBio","Servio de Controle Biolgico","DI/","DCQ/"),
("879","DPD/DEDC/SCCPC","Servio de Colees Cientficas e Popularizao da Cincia ","DPD/","DEDC/"),
("880","DPGF/DCGC/SCE","Servio de Comrcio Exterior","DPGF/","DCGC/"),
("881","DI/DCQ/SCFQ","Servio de Controle Fsico Qumico ","DI/","DCQ/"),
("882","DI/DCQ/SCM","Servio de Controle Microbiolgico","DI/","DCQ/"),
("883","DPGF/DCGC/SComp","Servio de Compras ","DPGF/","DCGC/"),
("884","DPGF/DGFO/SCONT","Servio de Contabilidade ","DPGF/","DGFO/"),
("885","DPGF/DGFO/SCONV","Servio de Convnios ","DPGF/","DGFO/"),
("886","DI/DDM/SDAE","Servio de Desenv Analtico e Estudo de Estabi. ","DI/","DDM/"),
("887","DIOM/DECD/SDBF","Servio de Doenas Bacterianas e Fngicas","DIOM/","DECD/"),
("888","DPGF/DGP/SDC","Servio de Desenvolvimento e Capacitao ","DPGF/","DGP/"),
("889","DPGF/DGP/SDH","Servio de Humanizao ","DPGF/","DGP/"),
("890","DIOM/DECD/SDP","Servio de Doenas Parasitrias","DIOM/","DECD/"),
("891","DI/DDM/SDPB","Servio de Desenv de Produtos Biolgicos ","DI/","DDM/"),
("892","DI/DDM/SDPF","Servio de Desenv de Produtos Farmoqumicos ","DI/","DDM/"),
("893","DPGF/DLAG/SDT","Servio de Transporte","DPGF/","DLAG/"),
("894","DPD/DCI/SDTF","Servio de Desenvolvimento Tecnolgico Farmacutico ","DPD/","DCI/"),
("895","DPD/DCI/SE","Servio de Ecotoxicologia","DPD/","DCI/"),
("896","DI/DPF/SEAS","Servio de Envase Assptico ","DI/","DPF/"),
("897","DI/DPA/SFE","Servio de Fazenda Experimental","DI/","DPA/"),
("898","DI/DDM/SFEC","Servio de Farmacovigilncia e Estudos Clnicos ","DI/","DDM/"),
("899","DPD/DCI/SFPF","Servio de Fitoqumica Prospeco Farmacutica ","DPD/","DCI/"),
("900","DIOM/DIVISA/SFQP","Servio de Fsico-Qumica de Produtos ","DIOM/","DIVISA/"),
("901","DIOM/DIVISA/SGA","Servio de Gerenciamento de Amostras","DIOM/","DIVISA/"),
("902","DIOM/DECD/SGAB","Servio de Gerenciamento de Amostras Biolgicas","DIOM/","DECD/"),
("903","DPGF/DE/SGAmb","Servio de Gesto Ambiental ","DPGF/","DE/"),
("904","DI/DGQ/SGeQ","Servio de Gesto da Qualidade ","DI/","DGQ/"),
("905","DPGF/DLAG/SGPT","Servio de Gesto do Patrimnio ","DPGF/","DLAG/"),
("906","DPD/DCI/SIA","Servio de Imunologia Aplicada","DPD/","DCI/"),
("907","DPD/DEDC/SICHC","Servio de Inf. Cientfica Histrica e Cultural ","DPD/","DEDC/"),
("908","DI/DPF/SL","Servio de Lquido","DI/","DPF/"),
("909","DPGF/DCGC/SLC","Servio de Licitao","DPGF/","DCGC/"),
("910","DIOM/DIVISA/SMBP","Servio de Microbiologia de Produtos ","DIOM/","DIVISA/"),
("911","DPGF/DE/SMC","Servio de Manuteno e Calibrao","DPGF/","DE/"),
("912","DPGF/DE/SMP","Servio de Manuteno Predial","DPGF/","DE/"),
("913","DPGF/DGFO/SO","Servio de Oramento","DPGF/","DGFO/"),
("914","DPGF/DGP/SP","Servio de Pessoal ","DPGF/","DGP/"),
("915","DPD/DCI/SPAR","Servio de Protemica e Aracndeos ","DPD/","DCI/"),
("916","DI/DPGP/SPCP","Servio de Planejamento Controle da Produo ","DI/","DPGP/"),
("917","DPD/DCI/SPDI","Servio de Pesquisa em Doenas Infecciosas ","DPD/","DCI/"),
("918","DI/DDM/SPEM","Servio de Pr Formulao e Estudo de MP ","DI/","DDM/"),
("919","DI/DPF/SPF","Servio de Processamento Final","DI/","DPF/"),
("920","DIOM/DFBPMSPMCS","Servio de Produo de Meios de Cultura e Solues ","DIOM/","DFBPM"),
("921","DPGF/DE/SPO","Servio de Projetos e Obras","DPGF/","DE/"),
("922","DPGF/DCGC/SPPC","Servio de Planejamento e Programao de Compras ","DPGF/","DCGC/"),
("923","DI/DPF/SPS","Servio de Produo de Soros","DI/","DPF/"),
("924","DI/DPF/SPSF","Servio de Preparo de Solues e Formulao ","DI/","DPF/"),
("925","DI/DPF/SPUII","Servio de Produo Unidade II S","DI/","DPF/"),
("926","DI/DPF/SPUIII","Servio de Produo Unidade III SP","DI/","DPF/"),
("927","DIOM/DIVISA/SQE","Servio de Qumica Especializada","DIOM/","DIVISA/"),
("928","DPGF/DE/SQV","Servio de Qualificao e Validao de Sistemas Computadorizados","DPGF/","DE/"),
("929","DI/DDM/SRE","Servio de Registro","DI/","DDM/"),
("930","DPD/DCI/SRVO","Servio de Recursos Vegetais e Opoterpicos ","DPD/","DCI/"),
("931","DPGF/DLAG/SSI","Servio de Segurana Institucional","DPGF/","DLAG/"),
("932","DPGF/DGP/SSST","Servio de Segurana e Sade do Trabalhador ","DPGF/","DGP/"),
("933","DPD/DCI/STM","Servio de Toxinologia Molecular","DPD/","DCI/"),
("934","DIOM/DFBPMSTRPM","Servio de Tratamento de Resduos e Preparo de Materiais ","DIOM/","DFBPM"),
("935","DPGF/DE/SU","Servio de Utilidades","DPGF/","DE/"),
("936","DI/DGQ/SVQ","Servio de Validao e Qualificao","DI/","DGQ/"),
("937","DIOM/DECD/SVR","Servio de Virologia e Riquetsioses","DIOM/","DECD/"),
("938","DPD/UAPAC","Unidade de Apoio Acadmico ","DPD/",NULL),
("939","PRE/CSEC/UATI","Unidade de Auditoria Transparncia e Integridade ","PRE/","CSEC/"),
("940","PRE/AGE/UGE","Unidade de Gesto Estratgica ","PRE/","AGE/"),
("941","PRE/AGE/UGPN","Unidade de Gesto de Processos de Negcios","PRE/","AGE/"),
("942","PRE/AGE/UGSQ","Unidade de Gesto do Sistema da Qualidade ","PRE/","AGE/"),
("943","DI/UPF","Unidade de Projetos Fabris","DI/",NULL),
("944","DI/UTT","Unidade de Transferncia de Tecnologia","DI/",NULL),
("945","PRE/VPRE","Vice Presidncia","PRE/",NULL);

CREATE TABLE IF NOT EXISTS `switch` (
`cod_switch` int(10) NOT NULL AUTO_INCREMENT,
`ip` varchar(20) DEFAULT NULL ,
`marca` varchar(30) NOT NULL ,
`modelo` varchar(30) DEFAULT NULL ,
`serial` varchar(20) DEFAULT NULL ,
`qtd_portas` int(10) DEFAULT NULL ,
`rack` varchar(10) DEFAULT NULL ,
`patrimonio` varchar(30) DEFAULT NULL ,
`id_swt` varchar(100) NOT NULL ,
PRIMARY KEY (`cod_switch`)
) ENGINE=InnoDB AUTO_INCREMENT=183 DEFAULT CHARSET=utf8mb4 COLLATE=utf8_bin; 

INSERT INTO `switch` VALUES 
("141","172.16.120.85","SW-1","B3G124-48","09440503225L","48","34",NULL,"09440503225L34"),
("142","172.16.120.28","SW-2","B3G124-48","08304936225L","48","34",NULL,"08304936225L34"),
("143","000000000000","SW-1","B3G124-48","09451159225L","48","36",NULL,"09451159225L36"),
("144","0000000000","SW-2","B3G124-48","Depois","48","36",NULL,"Depois36"),
("151","172.16.120.16","SW-1","B3G124-48","Null","48","37","000","Null37"),
("152","000.000.000.000","SW-3","FNSW-1601",NULL,"48","37",NULL,"037"),
("153","000.000.000.000","SW-2","FNSW-1601","FNSW-1601(V.3) 45004","48","37","00","FNSW-1601(V.3) 4500420(000)37"),
("158","000.00.000.00","SW-1","DATACOM -DM4100","S/N 005198392","24","39","2430286-4","N/D39"),
("159","000.00.000.00","SW-2","DATACOM-DM4100","S/N 005198382","24","39","2430287-2","S/N 00519838239"),
("160","000.00.000.00","SW-3","B3G124-48","S/S","48","39","S/P","S/S39"),
("161","000.00.000.00","SW-1","B3G124-48",NULL,"48","40",NULL,"040"),
("162","000.00.000.00","SW-2","DATACOM - DM4100","null","24","40",NULL,"null40"),
("163","000.00.000.00","SW-3","Huawei S5720-52x-SI","N/D","48","40",NULL,"N/D40"),
("164","000.00.000.00","SW-1","DATACOM - DM4100","N/D","24","41",NULL,"N/D41"),
("165","000.00.000.00","SW-2","DATACOM - DM4100",NULL,"24","41",NULL,"041"),
("166","000.00.000.00","SW-1","Intelbras SF1821 PoE",NULL,"16","42",NULL,"042"),
("167","000.00.000.00","SW-2","Huawei S5720-52x-SI","Null","48","42",NULL,"Null42"),
("168","000.00.000.00","SW-3","B3G124-48","N/D","48","42",NULL,"N/D42"),
("169","000.00.000.00","SW-4","Huawei S5720-52x-LI-AC","N/A","48","42",NULL,"N/A42"),
("170","000.00.000.00","SW-1","B3G124-48",NULL,"48","43",NULL,"043"),
("171","000.00.000.00","SW-2","Planet FNSW-2401","N/D","24","43",NULL,"N/D43"),
("172","000.00.000.00","SW-1","B3G124-48","Null","48","44",NULL,"Null44"),
("173","000.00.000.00","SW-2","Huawei S5720-52x-SI","N/D","48","44",NULL,"N/D44"),
("174","000.00.000.00","SW-1","Ovislink EVO-FSH24","N/D","24","45",NULL,"N/D45"),
("175","000.00.000.00","SW-2","B3G124-48",NULL,"48","45",NULL,"045"),
("176","000.00.000.00","SW-1","Huawei S5720-52x-SI",NULL,"48","46",NULL,"046"),
("177","000.00.000.00","SW-1","DATACOM - DM4100","N/D","24","47",NULL,"N/D47"),
("178","000.00.000.00","SW-1","Threecom 3CBLSF26","none","24","48",NULL,"none48"),
("179","000.00.000.00","SW-2","Huawei S5720-52x-SI","N/D","48","48",NULL,"N/D48"),
("180","000.00.000.00","SW-3","B3G124-48",NULL,"48","48",NULL,"048"),
("181","000.00.000.00","SW-1","Huawei S5720-52x-SI","N/D","48","49",NULL,"N/D49"),
("182","000.00.000.00","SW-1","DATACOM - DM4100","N/D","24","50",NULL,"N/D50");

CREATE TABLE IF NOT EXISTS `usuario` (
`cod_user` int(11) NOT NULL AUTO_INCREMENT,
`nome` varchar(50) NOT NULL ,
`usuario` varchar(50) NOT NULL ,
`senha` varchar(50) NOT NULL ,
`tipo` varchar(10) NOT NULL ,
PRIMARY KEY (`cod_user`)
) ENGINE=InnoDB AUTO_INCREMENT=106 DEFAULT CHARSET=utf8mb4 COLLATE=utf8_bin; 

INSERT INTO `usuario` VALUES 
("92","Vagner da Silva Moreira","vagner.moreira","73e0f334632193a2eb6d86ebaa7f2ab6","admin"),
("97","Gabriel Alves Freitas","gabriel.freitas","268f7ef5cbbc61647317099bf48f679f","admin"),
("100","Ronan Pinto de Moura","ronan.moura","698dc19d489c4e4db73e28a713eab07b","admin");

CREATE TABLE IF NOT EXISTS `voice` (
`cod_voice` int(10) NOT NULL AUTO_INCREMENT,
`nome_voice` varchar(50) NOT NULL ,
`rack` varchar(50) DEFAULT NULL ,
`qtd_portas` int(10) DEFAULT NULL ,
`id_vc` varchar(20) NOT NULL ,
PRIMARY KEY (`cod_voice`)
) ENGINE=InnoDB AUTO_INCREMENT=84 DEFAULT CHARSET=utf8mb4 COLLATE=utf8_bin; 

INSERT INTO `voice` VALUES 
("50","VC-1","34","24","VC-1401731914"),
("51","VC-2","34","24","VC-21983568638"),
("52","VC-1","35","24","VC-11366208632"),
("53","VC-2","35","24","VC-21247854028"),
("54","VC-3","35","24","VC-31633344136"),
("55","VC-01","36","24","VC-011108653925"),
("56","VC-02","36","24","VC-021812150216"),
("58","VC-03","36","24","VC-03776532265"),
("59","VC-01","37","50","VC-011547634365"),
("61","VC-01","39","24","VC-011883458786"),
("62","VC-1","40","24","VC-11190785098"),
("63","VC-2","40","24","VC-21116983833"),
("64","VC-1","41","24","VC-11664852303"),
("65","VC-2","41","24","VC-21003941554"),
("66","VC-2","42","50","VC-2641842864"),
("67","VC-3","42","50","VC-3379761347"),
("69","VC-1","42","24","VC-1407939563"),
("71","VC-1","44","24","VC-1676494869"),
("72","VC-2","44","24","VC-2551612440"),
("73","VC-1","45","24","VC-11401835700"),
("74","VC-1","46","24","VC-12076018691"),
("75","VC-1","47","24","VC-12047820170"),
("76","VC-1","48","30","VC-1832515523"),
("77","VC-2","48","50","VC-21912649237"),
("78","VC-3","48","50","VC-31252540297"),
("79","VC-1","43","50","VC-11493129821"),
("81","VC-1","49","50","VC-11398046375"),
("82","VC-1","50","24","VC-11439725281"),
("83","teste","35","30","teste1957795583");

